Fecha Adquisición,Fecha,Nombre Vendedor,Telefono1,Telefono2,Tipo Inmueble,Amoblado,Tipo Vendededor,Barrio,Ubicación,Precio,Estrato,Metros Cuadrados,Habitaciones,Baños,Parqueadero,Antiguedad,Publicación,Descripción,Link,Pauta,Dirección
19 Sep,2 Sep,Arrendamientos Tequendama,44112133,None,Apartamento,NO,Inmobiliaria,,Bello Antioquia,850000,3,49,2,1,No,Hasta 5 años,785627 SE ARRIENDA APARTAMENTO EN  BELLO NAVARRA,Excelente ubicación buenas rutas de transporte salon comedor 2 alcobas 2 closet 1 baño cocina integral zona de ropas calentador red de gas Unidad con piscina  salon social gimnasio canchaparqueaderos comunes porteria las 24 horas ,https://bello.olx.com.co/785627-se-arrienda-apartamento-en-bello-navarra-iid-1061810550,SI,
19 Sep,14 Ago,Arrendamientos del Norte,44442716,None,Casa,NO,None,,Bello Antioquia,750000,3,66,3,2,None,Entre 5 y 10 años,Casa en Arriendo Ubicado en BELLO,Codigo Inmueble 4183 Código 4183 1 2 Y 3 PISO EN EDIFICACIÓN DE 3 PISOS calentador a gas Se instalarán puertas faltantes y cabina en baño en el transcurso del primer mes luego de arrendado ,https://bello.olx.com.co/casa-en-arriendo-ubicado-en-bello-iid-1060142787,SI,
19 Sep,24 Ago,VITAE GRUPO INMOBILIARIO,3014123965,,Apartamento,NO,Inmobiliaria,,Bello Antioquia,1100000,4,66,3,2,Si,Hasta 5 años,ARRIENDO DE APARTAMENTO EN PUERTO NUEVO  BELLO,ARRIENDO de apartamento ubicado en Ciudad de los Puertos SantaAna Bello 66m² con la siguiente distribución  3 habitaciones con closet cada y principal con baño 2 Baños con cabina en vidrio templado Cocina semi  integral con mesón y barra en tipo mármol Zona de ropas Salacomedor Balcón con vista al interior de la unidad y la ciudad PARQUEADERO PRIVADO CUARTO ÚTIL Urbanización con piscina de adultos y piscina de niños jacuzzis sauna parque infantil sala de juegos para adultos y para niños  cancha de futbol 5 en grama sintética y placa polideportiva golfito gimnasio cancha de squash dos salones sociales portería con sala de recepción cerca de colegios supermercados reserva natural y buenas rutas de transporte incluidas las integradas del Metro  Si te interesa esta propiedad o quieres conocer opciones similares puedes comunicarte conmigo al 301 412 3965 VITAE GRUPO INMOBILIARIO Saludos ,https://bello.olx.com.co/arriendo-de-apartamento-en-puerto-nuevo-bello-iid-1061031474,SI,
19 Sep,5 Sep,Arrendamientos V,3166942716,None,Apartamento,NO,None,Centro,Bello Antioquia,900000,3,68,3,2,None,Entre 5 y 10 años,ALQUILO APTO CAMINO DE LOS VIENTOS NIQUIA BELLO  wasi1501600,Alquilo apartamento Urbanización Camino del Viento Niquía Bello piso 11 sala comedor 3 alcobas 3 closet 2 baños cabinados barra cocina integral zona de ropas balcón red de gas calentador puerta de seguridad parqueadero común rutas a Medellín cerca a la estación Niquia del metro y al centro comercial Puerta del Norte excelente transporte ,https://bello.olx.com.co/alquilo-apto-camino-de-los-vientos-niquia-bello-wasi-1501600-iid-1061697731,SI,
19 Sep,19 Sep,LUZ C,3215727992,None,None,NO,Dueño Directo,,Bello Antioquia,650000,3,80,3,1,No,Entre 5 y 10 años,Aprtamento Iluminado Cercaal Metro,Apartamento amplio iluminado  cerca estación Bello del metro contruccion tradicional  3 alcobas 1 baño sala comedor cocina  zonade ropas ,https://bello.olx.com.co/aprtamento-iluminado-cerca-al-metro-iid-1056115318,NO,"https://www.google.com/maps/place/6.21734619140625,-75.56744384765625"
19 Sep,19 Sep,Somos ámbito Inmobiliario,3104676926,None,Apartamento,NO,Inmobiliaria,,Bello Antioquia,1050000,3,62,3,2,Si,A estrenar,APARTAMENTO AMAZONIA  BELLO,Hermoso apartamento en uno de los mejores sectores de bello amazonia además cuenta con un amplio desarrollo comercial y de vivienda Con excelentes acabados vista panoramica no le da el poniente Cuenta con 3 habitaciones 2 closet 2 baños sala comedor cocina integral zona de ropas parqueadero y cuarto útil el sistema integrado del metro desde la estación madera para frente a la portería el sector cuenta con amplias zonas verdes ,https://bello.olx.com.co/apartamento-amazonia-bello-iid-1058657823,NO,
19 Sep,19 Sep,Somos ámbito Inmobiliario,3104676926,None,Apartamento,NO,Inmobiliaria,,Bello Antioquia,1100000,3,62,3,2,Si,A estrenar,APARTAMENTO SECTOR AMAZONIA EN BELLO,Apartamento en uno de los mejores sectores en bello amazonia cuenta con 3 habitaciones 3 closet 2 baños sala comedor cocina integral balcón zona de ropas parqueadero privado unidad completa rutas integradas del metro que paran en la portería ,https://bello.olx.com.co/apartamento-sector-amazonia-en-bello-iid-1058870147,NO,
19 Sep,19 Sep,Somos ámbito Inmobiliario,3017971348,None,Apartamento,NO,Inmobiliaria,,Bello Antioquia,850000,3,65,3,2,Si,A estrenar,APARTAMENTO ESTACIÓN MADERA VIA MACHADO,hermoso apartamento en Toledo Campestre por la vía machado a 5 minutos de la estación madera del metro 3 habitaciones  2 baños sala  comedor cocina integral balcón parqueadero privado  portería 24 horas con fácil acceso a rutas integradas del metro ,https://bello.olx.com.co/apartamento-estacion-madera-via-machado-iid-1055893050,NO,
19 Sep,19 Sep,Somos ámbito Inmobiliario,3104676926,None,Apartamento,NO,Inmobiliaria,,Bello Antioquia,1000000,3,62,3,2,Si,A estrenar,APARTAMENTO AMAZONIA EN BELLO,Ubicado en excelente sector de la ciudad de bello cuenta con 3 habitaciones 3 closet 2 baños salacomedor cocina integral balcón parqueadero y cuarto útil unidad completa rutas integradas del metro paran en la portería de la unidad ,https://bello.olx.com.co/apartamento-amazonia-en-bello-iid-1058872210,NO,
19 Sep,19 Sep,Experiencia inmobiliaria,3041285910,None,Apartamento,NO,Inmobiliaria,villa,Bello Antioquia,950000,4,68,3,2,Si,A estrenar,Arriendo Apartamento para Estrenar,se arrienda apartamento para estrenar sector villas de occidentecerca a hospital mental 3 cuartos3 closet 2 baños encabinados balcon cocina integral red de gas parqueadero privadoy cuarto util  la unidad cuenta con porteria las 24 horas salon social  bbq canchas sinteticas turco gymjuegos infantiles piscinasenderos de trote parqueaderos vicitantes chut de basuras excelentes rutas de transporte publico  cerca a colegios hospitales  arrienda  experiencia inmobiliaria  4795287  asesor  gustavo gutierrez  3041285910 ,https://bello.olx.com.co/arriendo-apartamento-para-estrenar-iid-1060049674,NO,
19 Sep,19 Sep,Inversión Raíz,3164162222,None,Apartamento,NO,None,Moderno,Bello Antioquia,1050000,3,63,3,2,None,Entre 5 y 10 años,Se arrienda apartamento en Bello para estrenar   wasi1500463,Se arrienda apartamento en Bello sector Prado para estrenar Cuenta con un área de 63mts primer piso de tres alcobas closets dos baños cabinados salón comedor cocina integral con red de gas y horno barra americana piso en ceramica zona de ropasEdificio de 5 pisos moderno sector tranquilo cerca al parque de BelloPara mayor información y agendar citas 574 3221140  57 316 416 22 22  57 305 380 07 27 ,https://bello.olx.com.co/se-arrienda-apartamento-en-bello-para-estrenar-wasi-1500463-iid-1061761684,NO,
19 Sep,19 Sep,S M,3023899735,3023899735,Apartamento,NO,Dueño Directo,La Cumbre,Bello Antioquia,650000,2,55,2,1,No,A estrenar,Arriendo Apartamento en Bello 2do Piso,ARRIENDO APARTAMENTO EN BELLO SECTOR LA CUMBRE CERCA DE LOS MARINILLOS Y DE LA OBRA 2000 SEGUNDO PISO 2 ALCOBAS CADA UNA CON PUERTA Y CLOSET ZONA DE ROPAS BALCON EXTERIOR 1 BAÑO COCINA RED DE GAS VALE 650000  SE EXIGE FIADOR DEPOSITO DE 150000 COLILLAS DE PAGO NO HAY PARQUEADERO PARA MOTO NI PARA CARRO MAYORES INFORMES EN EL CELULAR 3023899735 ,https://bello.olx.com.co/arriendo-apartamento-en-bello-2do-piso-iid-1055292087,NO,"https://www.google.com/maps/place/6.340642929077148,-75.56024169921875"
19 Sep,19 Sep,Arrendamientos V,3166942716,None,Apartamento,NO,None,,Bello Antioquia,850000,3,60,2,2,None,Entre 5 y 10 años,Alquiler Apartamento Barrio Cabañitas Bello  wasi1443528,Alquilo apartamento Barrio Cabañitas Bello 1er piso sala comedor 2 alcobas 2 closet 2 baños barra cocina semi integral patio de ropas garaje red de gas rutas a Medellín y al metro ,https://bello.olx.com.co/alquiler-apartamento-barrio-cabanitas-bello-wasi-1443528-iid-1060138208,NO,
19 Sep,19 Sep,RM D,3183562383,None,Apartamento,NO,Inmobiliaria,,Bello Antioquia,650000,1,41,2,1,No,Hasta 5 años,Arriendo apartamento Unidad Residencial Trigales,Hermoso apartamento ubicado en Bello sector el Trapiche en la Unidad Residencial Trigales con dos habitaciones con puertas y closet sala cocina integral barra americana en granito baño totalmente enchapado cabinado gabinetes y ojos de buey zona de ropas calentador de agua y piso en porcelanato Excelentes acabados La unidad cuenta con 6 canchas parque infantil zonas BBQ y salón comunal Porteria 24 horas No incluye parqueadero este se alquila por aparte  Cualquier duda con gusto será atendida en el celular 3183562383 ,https://bello.olx.com.co/arriendo-apartamento-unidad-residencial-trigales-iid-1058864815,NO,
19 Sep,19 Sep,Arrendamientos del Norte,44442716,None,Apartamento,NO,None,,Bello Antioquia,560000,2,60,2,1,None,Entre 5 y 10 años,Apartamento en Arriendo Ubicado en BELLO,Codigo Inmueble 4547 Código 4547 2 PISO EN EDIFICACIÓN DE 3 PISOS EL ACUEDUCTO ES COMPARTIDO Y NO SE PERMITEN MASCOTAS EL INMUEBLE CUENTA CON ESTUFA NUEVA ,https://bello.olx.com.co/apartamento-en-arriendo-ubicado-en-bello-iid-1060142597,NO,
19 Sep,3 Sep,ARRENDAMIENTOS LA CASTELLANA,3202566063,3202566063,Apartamento,NO,Inmobiliaria,La Castellana,Bello Antioquia,1200000,3,65,3,2,Si,A estrenar,se arrienda apartaemnto en niquia ceiba del norte,cuenta con 3 alcobas 2 baños cabinados sala comedor zona de ropas red de gas cocina integral 3 closets  ZONA DE ESTUDIO PARQUEADERO CUARTO UTIL  ARRENDAMIENTOS LA CASTELLANA  TEL 471 77 88  CELWPP 320 256 6063 ,https://bello.olx.com.co/se-arrienda-apartaemnto-en-niquia-ceiba-del-norte-iid-1058445370,SI,
19 Sep,18 Sep,ARRENDAMIENTOS LA CASTELLANA,3202566063,3202566063,Casa,NO,Inmobiliaria,La Castellana,Bello Antioquia,1000000,3,120,4,2,Si,Entre 5 y 10 años,se arrienda casa en rosalpi cerca al parque de bello,cuenta con 4 alcobas sala comedor 2 patios 2 baños cocina integral 2 closets  ZONA PARA PARQUEAR  PRIMER PISO  ARRENDAMIENTOS LA CASTELLANA  TEL 471 77 88  CELWPP 320 256 6063 ,https://bello.olx.com.co/se-arrienda-casa-en-rosalpi-cerca-al-parque-de-bello-iid-1061402481,NO,
19 Sep,18 Sep,BARI A,3188044924,None,Apartamento,NO,Dueño Directo,,Bello Antioquia,1100000,3,64,3,2,Si,A estrenar,SE ARRIENDA APARTAMENTO EDIFICIO BARI,BARI APARTAMENTOS es un edificio con portería 24 horas ubicado en el municipio de Bello  muy cerca a la estación Bello del metro plaza de mercado y al parque principal Está conformada por 88 apartamentos y locales comerciales Con un muy buen acceso al transporte publico ,https://bello.olx.com.co/se-arrienda-apartamento-edificio-bari-iid-1059101918,NO,"https://www.google.com/maps/place/6.336999893188477,-75.55500030517578"
19 Sep,18 Sep,HABITUS PROPIEDAD RAÍZ SAS ,3043760351,None,Apartamento,NO,Inmobiliaria,,Bello Antioquia,750000,3,60,3,1,No,Entre 5 y 10 años,apartamento en bello muy bien ubicado,el apartamento se encuentra a 4 cuadras del parque de bello no cuneta con parqueadero inmobiliaria HABITUS PROPIEDAD RAIZ ,https://bello.olx.com.co/apartamento-en-bello-muy-bien-ubicado-iid-1061396169,NO,
19 Sep,18 Sep,HABITUS PROPIEDAD RAÍZ SAS ,3043760351,None,Apartamento,NO,Dueño Directo,,Bello Antioquia,750000,3,60,3,None,No,Entre 5 y 10 años,apartamento e bello,el apartamento cuenta con 3 alcobas 1 baño citofonia cuarto útil el apto queda a 4 cuadras del parque de bello inmobiliaria HABITUS PROPIEDAD RAIZ SAS ,https://bello.olx.com.co/apartamento-e-bello-iid-1061394477,NO,"https://www.google.com/maps/place/6.336999893188477,-75.55999755859375"
19 Sep,18 Sep,SMA Propiedad Raiz,44484824,None,Apartamento,NO,None,,Bello Antioquia,750000,3,55,2,2,None,Hasta 5 años,ARRIENDO DE APARTAMENTO EN BARRIO NUEVO BELLO  BELLO 62211876,62211876 Apartamento en arriendo sector barrio nuevo cerca ala iglesia san juan de avila ,https://bello.olx.com.co/arriendo-de-apartamento-en-barrio-nuevo-bello-bello-622-11876-iid-1059493173,NO,
19 Sep,18 Sep,SMA Propiedad Raiz,44484824,None,Apartamento,NO,None,,Bello Antioquia,1300000,3,70,3,2,None,Hasta 5 años,ARRIENDO DE APARTAMENTO EN MADERA BELLO  BELLO 62211796,62211796 Apartamento en Arriendo Sector Bello Madera ,https://bello.olx.com.co/arriendo-de-apartamento-en-madera-bello-bello-622-11796-iid-1058503272,NO,
19 Sep,18 Sep,VITAE GRUPO INMOBILIARIO,3014123965,,Apartamento,NO,Inmobiliaria,,Bello Antioquia,1100000,4,66,3,2,Si,A estrenar,ARRIENDO DE APARTAMENTO PARA ESTRENAR EN PUERTO NUEVO  BELLO,ARRIENDO de apartamento ubicado en Ciudad de los Puertos SantaAna Bello 66m² con la siguiente distribución  3 habitaciones con closet cada y principal con baño 2 Baños con cabina en vidrio templado Cocina semi  integral con mesón y barra en tipo mármol Zona de ropas Salacomedor Balcón con vista al interior de la unidad y la ciudad PARQUEADERO PRIVADO CUARTO ÚTIL Urbanización con piscina de adultos y piscina de niños jacuzzis sauna parque infantil sala de juegos para adultos y para niños  cancha de futbol 5 en grama sintética y placa polideportiva golfito gimnasio cancha de squash dos salones sociales portería con sala de recepción cerca de colegios supermercados reserva natural y buenas rutas de transporte incluidas las integradas del Metro  Si te interesa esta propiedad o quieres conocer opciones similares puedes comunicarte conmigo al 301 412 3965 VITAE GRUPO INMOBILIARIO Saludos ,https://bello.olx.com.co/arriendo-de-apartamento-para-estrenar-en-puerto-nuevo-bello-iid-1061030531,NO,
19 Sep,18 Sep,VITAE GRUPO INMOBILIARIO,3014123965,,Apartamento,NO,Inmobiliaria,El Carmen,Bello Antioquia,900000,2,150,2,2,No,Hasta 5 años,ARRIENDO DE HERMOSO Y AMPLIO APARTAMENTO EN BELLO  CUMBRE,ARRIENDO de hermoso y amplio apartamento ubicado a una cuadra de la iglesia del Carmen en el barrio El Paraíso Cumbre Bello 150m² con la siguiente distribución  2 habitaciones muy amplias con closet cada una principal con baño y vestier 2 Baños 1 social y otro cabina en vidrio templado Cocina integral con mesón y barra en tipo Quarztone Zona de ropas Sala Comedor Patio amplio descubierto y cuarto útil Amplio Balcón con vista hacia la ciudad Este apartamento esta ubicado cerca de colegios supermercados iglesias canchas deportivas y buenas rutas de transporte incluidas las integradas del Metro y todas las rutas de transporte de Bello hacia Medellín  Si te interesa esta propiedad o quieres conocer opciones similares puedes comunicarte al 301 412 3965 WhatsApp y llamadas VITAE GRUPO INMOBILIARIO  Saludos ,https://bello.olx.com.co/arriendo-de-hermoso-y-amplio-apartamento-en-bello-cumbre-iid-1061032968,NO,
19 Sep,18 Sep,ARRENDAMIENTOS LA CASTELLANA,3202566063,3202566063,Apartamento,NO,Inmobiliaria,La Castellana,Bello Antioquia,780000,3,65,3,2,Si,Hasta 5 años,se arrienda apartamento en bucaros,cuenta con 3 alcobas 2 baños sala comedor 3 closets balcon cocina integral zona de ropas  CUARTO PISO PARQUEADERO COMUN  ARRENDAMIENTOS LA CASTELLANA  TEL 471 77 88  CELWPP 320 256 6063 ,https://bello.olx.com.co/se-arrienda-apartamento-en-bucaros-iid-1061180174,NO,
19 Sep,3 Sep,ARRENDAMIENTOS LA CASTELLANA,3202566063,3202566063,Casa,NO,Inmobiliaria,La Castellana,Bello Antioquia,800000,3,85,3,1,No,Hasta 5 años,se arrienda casa en molinares,cuenta con 3 alcobas 1 baño sala comedor 3 closets patio cocina semintegral  PRIMER PISO  ARRENDAMIENTOS LA CASTELLANA  TEL 471 77 88  CELWPP 320 256 6063 ,https://bello.olx.com.co/se-arrienda-casa-en-molinares-iid-1061888239,SI,
19 Sep,24 Ago,Arrendamiento Metropropiedades,4165858u,None,Apartamento,NO,None,,Bello Antioquia,1000000,4,70,3,2,None,None,ARRIENDO DE APARTAMENTO EN CABAÃITAS BELLO  BELLO 543544,543544 ARRIENDO HERMOSO APARTAMENTO NUEVO CON ACABADOS DE LUJO EN CABAÑAS A TODO EL FRENTE DE LA ESTACION MADERA  EXCELENTE UBICACION  CON RUTAS DE TRANSPORTE  ,https://bello.olx.com.co/arriendo-de-apartamento-en-cabaaitas-bello-bello-543-544-iid-1057793155,SI,
19 Sep,18 Sep,ARRENDAMIENTOS LA CASTELLANA,3202566063,3202566063,Casa,NO,Inmobiliaria,La Castellana,Bello Antioquia,950000,3,90,3,3,Si,Hasta 5 años,se arrienda casa en niquia unidad cerrada,cuenta con 3 habitaciones 2 closets 3 baños 2 balcones sala comedor patio cocina integral ante jardin  PARQUEADERO MOTO Y CARRO TRES NIVELES MUY BONITOS ACABADOS  ARRENDAMIENTOS LA CASTELLANA  TEL 471 77 88  CELWPP 320 256 6063 ,https://bello.olx.com.co/se-arrienda-casa-en-niquia-unidad-cerrada-iid-1058764280,NO,
19 Sep,18 Sep,Experiencia inmobiliaria,3041285910,None,Apartamento,NO,Inmobiliaria,,Bello Antioquia,950000,3,75,3,2,Si,A estrenar,Arriendo Apartamento para Estrenar,arriendo apartamento para estrenar  cuenta con 3 cuartos  3 closetred de gas piso en cerámica y madera 2 bañosbalcon cocina integral Con horno  extractorparqueadero privadoy cuarto util  Nota  Para estrenar  la unidad cuenta con  portería 24 horassalon social  gymludotekapiscinasistema cerrado de tvjuegos infantiles salón de juegos salón social   cerca a la estación madera del metro a 5 minutos en carro o moto y 15 minutos caminando excelentes rutas de transporte publicoa colegios y universidades  arrienda experiencia inmobiliaria  tel4795287  asesor Gustavo Gutierrez  cel3041285910 ,https://bello.olx.com.co/arriendo-apartamento-para-estrenar-iid-1061371884,NO,
19 Sep,18 Sep,ARRENDAMIENTOS LA CASTELLANA,3202566063,3202566063,Apartamento,NO,Inmobiliaria,La Castellana,Bello Antioquia,950000,3,65,2,2,Si,Hasta 5 años,se arrienda apartamento en niquia ceiba del norte,cuenta con  2 habitaciones sala comedor zona de ropas 3 closets 2 baños cocina integral PARQUEADERO  arrendamientos la castellana  tel 471 77 88  celwpp 320 2566063 ,https://bello.olx.com.co/se-arrienda-apartamento-en-niquia-ceiba-del-norte-iid-1056793316,NO,
19 Sep,18 Sep,ARRENDAMIENTOS LA CASTELLANA,3202566063,3202566063,Apartamento,NO,Inmobiliaria,La Castellana,Bello Antioquia,1100000,3,63,3,2,Si,A estrenar,se arrienda apartamento en niquia ceyba del norte,cuenta con 3 alcobas mas estudio 2 baños sala comedor zona de ropas balcon 3 closets cocina integral  PARQUEADERO CUARTO UTIL  ARRENDAMIENTOS LA CASTELLANA  TEL 471 77 88  CELWPP 320 256 6063 ,https://bello.olx.com.co/se-arrienda-apartamento-en-niquia-ceyba-del-norte-iid-1055216827,NO,
19 Sep,18 Sep,direccion23,3008478020,None,Apartamento,NO,Inmobiliaria,,Bello Antioquia,850000,3,64,3,2,Si,A estrenar,ARRIENDO APARTAMENTO PARA ESTRENAR BELLO,ARRIENDO APARTAMENTO PARA ESTRENAR PUERTO ALEGRE BELLO  HABITACIONES 3  CLOSETS  BAÑOS 2  COCINA INTEGRAL  SALA COMEDOR  BALCÓN  PARQUEADERO PRIVADO  LA UNIDAD CUENTA CON SEGURIDAD LA 24 HORAS  PISCINAS GIMNASIO  TURCO SALONES SOCIALES CANCHA Y ZONAS VERDES ,https://bello.olx.com.co/arriendo-apartamento-para-estrenar-bello-iid-1062078013,NO,
19 Sep,18 Sep,Arrendamientos Tequendama,44112133,None,Apartamento,NO,Inmobiliaria,,Bello Antioquia,650000,1,65,4,1,No,Entre 10 y 20 años,863950 SE ARRIENDA APARTAMENTO EN BELLO MIRADOR,Excelente ubicación buenas rutas de transporte salon comedor 4 alcobas 3 closet 1 baño estudio cuarto útil cocina semi integral sin estufa con red de gas calentador 1 patio ,https://bello.olx.com.co/863950-se-arrienda-apartamento-en-bello-mirador-iid-1062393384,NO,
19 Sep,18 Sep,Somos ámbito Inmobiliario,3104676926,None,Apartamento,NO,Inmobiliaria,,Bello Antioquia,950000,4,62,3,2,Si,A estrenar,APARTAMENTO EN CABAÑAS SECTOR AMAZONIA,Apartamento con excelentes acabados hermosa vista para estrenar cuenta con 3 habitaciones 2 baños sala comedor cocina integral zona de ropas parqueadero privado la unidad es completa las rutas integradas del metro paran en la portería ,https://bello.olx.com.co/apartamento-en-cabanas-sector-amazonia-iid-1061170559,NO,
19 Sep,18 Sep,ARRENDAMIENTOS LA CASTELLANA,3202566063,3202566063,Casa,NO,Inmobiliaria,La Castellana,Bello Antioquia,700000,3,65,1,1,No,Hasta 5 años,SE ARRIENDA CASA EN MOLINARES,cuenta con 1 alcoba muy grande  cocina integral zona de ropas patio sala comedor baño 1 closet  TERCER PISO  ARRENDAMIENTOS LA CASTELLANA  TEL 471 77 88  CELWPP 320 256 6063 ,https://bello.olx.com.co/se-arrienda-casa-en-molinares-iid-1061553555,NO,
19 Sep,18 Sep,Somos ámbito Inmobiliario,3104676926,None,Apartamento,NO,Inmobiliaria,,Bello Antioquia,920000,4,55,1,2,Si,A estrenar,APARTA ESTUDIO CABAÑAS SECTOR AMAZONIA,Aparta estudio  con excelentes acabados y muy buena vista idea para pareja cuenta con un habitación con baño privado sala comedor baño social cocina integral mixta zona de ropas parqueadero privado cubierto unidad completa Rutas de trasporte integrado del metro paran en la portería ,https://bello.olx.com.co/aparta-estudio-cabanas-sector-amazonia-iid-1061168110,NO,
19 Sep,18 Sep,Vix Inmobiliaria,3016486094,None,Apartamento,NO,Inmobiliaria,,Bello Antioquia,800000,3,47,2,1,No,Hasta 5 años,Apartamento en Arriendo Niquia Bello Plaza Navarra,Apartamento de 47mts  Cuenta con 2 habitacione 2 closet 1 baño Sala comedor Cocina integral zona de ropas y balcón Parqueadero de motos  Unidad cerrada con portería 24 horas cuenta con piscinas adultos y niños cancha salón social juegos infantiles zona BBQ y gimnasio ,https://bello.olx.com.co/apartamento-en-arriendo-niquia-bello-plaza-navarra-iid-1057006813,NO,
19 Sep,18 Sep,Arrendamientos V,3166942716,None,Apartamento,NO,None,,Bello Antioquia,1100000,3,66,3,2,None,A estrenar,Alquilo apto Urb Ensenada Amazonia Bello  wasi1501545,Alquilo apartamento Urbanización Ensenada Amazonía Bello 4to piso sala comedor 3 alcobas 2 closet 1 vestier 2 baños cabinados barra cocina integral zona de ropas balcón red de gas calentador cuarto útil parqueadero para vehículo rutas a Medellín y al metro ,https://bello.olx.com.co/alquilo-apto-urb-ensenada-amazonia-bello-wasi-1501545-iid-1061697687,NO,
19 Sep,18 Sep,ARRENDAMIENTOS LA CASTELLANA,3202566063,3202566063,Apartamento,NO,Inmobiliaria,La Castellana,Bello Antioquia,980000,3,65,3,2,Si,A estrenar,se arrienda apartamento en amazonia,cuenta con 3 alcobas  2 baños cabinados cocina integral zona de ropas balcon 3 closets sala comedor  PARQUEADERO  ARRENDAMIENTOS LA CASTELLANA  TEL 471 77 88  CELWPP 320 256 6063 ,https://bello.olx.com.co/se-arrienda-apartamento-en-amazonia-iid-1062380190,NO,
19 Sep,18 Sep,Experiencia inmobiliaria,3041285910,None,Apartamento,NO,Inmobiliaria,,Bello Antioquia,730000,3,65,3,2,Si,Hasta 5 años,Arriendo Apartamento,Arriendo apartamento en excelente condiciones 3 cuartos 2 closet 2 baños cocina integral red de gas  La unidad cuenta con portería 24 hrs bbq salón social mall comercial cancha sintética d1 cotrafa  Cerca a colegios iglesias y rutas principales para acseso a transporte público  Arrienda experiencia inmobiliaria 4795287  Asesor comercial Gustavo Gutiérrez 3041285910 ,https://bello.olx.com.co/arriendo-apartamento-iid-1062383087,NO,
19 Sep,18 Sep,Inversión Raíz,3164162222,None,Apartamento,NO,None,Centro,Bello Antioquia,900000,4,60,3,2,None,A estrenar,Apartamento Puerto Alegre Bello  wasi1351430,Se arrienda apartamento en Puerto Alegre BelloCuenta con un área de 60mts cuenta con cocina integral sala comedor 3 alcobas 3 closets 2 baños zona de ropas sala biblioteca balcon gas domiciliario calentador de agua parqueadero La unidad tiene piscina gimnasio jacuzzi cancha parque para niños parqueadero vigilancia las 24 horas sala de esperaCerca al parque de Bello colegios y universidades centro comercial hospital iglesia transporte públicoMayor información al 574 322 11 40 57 305 380 07 27  57 316 416 22 22 ,https://bello.olx.com.co/apartamento-puerto-alegre-bello-wasi-1351430-iid-1056614278,NO,
19 Sep,18 Sep,Vix Inmobiliaria,3016486094,None,Apartamento,NO,Inmobiliaria,Centro,Bello Antioquia,820000,3,57,2,2,Si,Hasta 5 años,APARTAMENTO EN ARRIENDO NIQUIA PLAZA NAVARRA,Apartamento de 57mts2 con  2 Habitaciones 3 Closet estudio 2 Baño con cabina en vidrio sala comedor cocina integral zona de ropas balcón parqueadero privado  Unidad cerrada con portería las 24 horas zonas comunes como piscina y juegos infantiles muy cerca a la Estación del Metro de Niquia y a Centro Comercial Puerta del Norte ,https://bello.olx.com.co/apartamento-en-arriendo-niquia-plaza-navarra-iid-1061864617,NO,
19 Sep,18 Sep,Arrendamiento Metropropiedades,4165858u,None,Casa,NO,None,Rosa,Bello Antioquia,2200000,3,120,3,2,None,Entre 10 y 20 años,ARRIENDO DE CASA EN SAN JOSE OBRERO BELLO  BELLO 543647,543647 ARRIENDO AMPLIA CASA DE USO COMERCIAL  SEGUNDO PISO  UBICADA EN LA ZONA ROSA DEL BARRIO OBRERO  BELLO IDEAL PARA EMPRESAS OFICINAS  INSTITUCIONES BODEGA ZONA ALTAMENTE COMERCIAL  CON EXCELENTES RUTAS DE TRANSPORTE Y CERCANA A LA AUTOPISTA NORTE  BUENOS ESPACIOS  ESQUINERA  ,https://bello.olx.com.co/arriendo-de-casa-en-san-jose-obrero-bello-bello-543-647-iid-1061150163,NO,
19 Sep,16 Sep,VITAE GRUPO INMOBILIARIO,3014123965,,Apartamento,NO,Inmobiliaria,Centro,Bello Antioquia,850000,3,56,2,2,No,Hasta 5 años,ARRIENDO DE APARTAMENTO EN CERRO AZUL NIQUÍA BELLO,Arriendo de hermoso apartamento ubicado en Niquía a 15 minutos caminando del Centro Comercial Puerta del Norte y Estación del Metro  Cuenta con excelentes acabados y 56 m² distribuidos en 2 habitaciones con closet cada una 2 baños  enchapados y uno cabinado  Cocina semiintegral con barra tipo americana Zona de ropas enchapada con calentador de agua Salacomedor con vista agradable  Excelente iluminación natural y ventilación Piso general en cerámica  La unidad cuenta con Gimnasio parqueadero de visitantes piscinas salón social Rutas de transporte incluidas las integradas del Metro colegios zonas comerciales y parroquias cerca  Si te interesa esta propiedad o quieres conocer opciones similares puedes comunicarte conmigo al 301 412 3965 STIVEN ZAPATA GÓMEZ Saludos ,https://bello.olx.com.co/arriendo-de-apartamento-en-cerro-azul-niquia-bello-iid-1062047166,NO,
19 Sep,16 Sep,Albeiro  B,3113741354,3113741354,Casa,NO,Dueño Directo,,Bello Antioquia,650000,2,80,3,1,No,Entre 5 y 10 años,Arriendo Casa en Manrique Santa Ines,la casa cuenta con 3 habitaciones más estudiototalmente terminadacocina integralgas por redpatio terraza muy iluminada y acogedora 3 piso un baño mayor informacióncelu 3113741354 ,https://bello.olx.com.co/arriendo-casa-en-manrique-santa-ines-iid-1063067798,NO,"https://www.google.com/maps/place/6.336999893188477,-75.55999755859375"
19 Sep,16 Sep,carlos  g,3113151624,None,Apartaestudio,NO,Dueño Directo,El Pueblo,Bello Antioquia,500000,2,50,1,1,Si,A estrenar,arriendo Apartaestudio Campestre,OPORTUNIDAD APARTAESTUDIO CAMPESTRE  DE LAS MEJORES VEREDAS DE GIRARDOTA A 10 MIN DEL PUEBLO  PARABESTRENAR  TODAS LAS COMODIDADES INFO LLAMADAS Y WHATSAPP 3113151624 ,https://bello.olx.com.co/arriendo-apartaestudio-campestre-iid-1063049033,NO,"https://www.google.com/maps/place/6.310999870300293,-75.55699920654297"
19 Sep,16 Sep,Aleja V,3165182307,None,Habitación,NO,Dueño Directo,,Bello Antioquia,400000,3,1,1,1,No,Entre 5 y 10 años,Se Arrienda Habitacion Niquia Parte Baja,La habitación cuenta con cama de 120 un espejo una mesa closet libre de servicios red WiFi baño y cocina compartidos ,https://bello.olx.com.co/se-arrienda-habitacion-niquia-parte-baja-iid-1063014371,NO,"https://www.google.com/maps/place/6.338,-75.549"
19 Sep,16 Sep,mariaverdejo1953360,3046316912,None,Habitación,SI,Dueño Directo,,Bello Antioquia,380000,3,10,1,1,No,Entre 10 y 20 años,Arriendo habitacion amoblada,Se arrienda habitación para una o dos personas en Bello Calle 23A No 58DD98 Puede hacer uso de la cocina nevera lavadora y comedor Es en casa de familia Contactar a la Sra Martha Administradora Propietaria ,https://bello.olx.com.co/arriendo-habitacion-amoblada-iid-1063000555,NO,"https://www.google.com/maps/place/6.313000202178955,-75.56800079345703"
19 Sep,16 Sep,Laura  E,3148548530,None,Habitación,NO,Dueño Directo,,Bello Antioquia,500000,3,15,1,1,Si,Entre 5 y 10 años,Arriendo 2 Habitaciones Bello Antioquia,Arriendo dos habitaciónes en primer piso compartido Urbanización Lagos de Riachuelos cerca Comfama sector Riachuelos Conjunto cerrado  500000 Negociables  con servicios incluidos  Bello Antioquia Preferiblemente Persona Sola  Calle 52 B  65 189 Primer Piso Informes 314 854 85 30 consulte con gusto le brindó información Consta de2 Habitaciones1 Baño Privado Wifi 10Mb Señal de Tv  Libre de Servicios  Tiene acceso y puede usar libremente  Sala Comedor Cocina integral Lavadora  Patio  Piscina Zonas Comunes Urbanización Lugar con acceso a rutas del transporte público y del metro Colegios Supermercados Farmacias Iglesias ,https://bello.olx.com.co/arriendo-2-habitaciones-bello-antioquia-iid-1062999626,NO,"https://www.google.com/maps/place/6.336,-75.571"
19 Sep,15 Sep,Adrian F,3147002991,3147002991,Apartamento,NO,Dueño Directo,,Bello Antioquia,350000,1,42,2,1,No,Entre 20 y 50 años,Apartamento en Bello  Tercer piso,Contacto 314 700 29 91 Para máximo 2 o 3 personas Se requiere carta laboral   1 pieza  1 sala   Baño   Cocina   Lavadero   Energía prepago ,https://bello.olx.com.co/apartamento-en-bello-tercer-piso-iid-1062977709,NO,"https://www.google.com/maps/place/6.340000152587891,-75.55500030517578"
19 Sep,15 Sep,Hamer E,3192244011,None,Apartaestudio,NO,Dueño Directo,Santa Ana,Bello Antioquia,130000000,3,1,2,1,No,A estrenar,Hermoso Apartaestudio para Estrenar,Apartamento totalmente terminado para estrenar en el mejor sector de Bello Santa Ana muy cerca de el nuevo centro comercial Ciudad Fabricato 2 Habitaciones con closet  1 Baño 1 Cocina integral y salacomedor 1 Zona de ropas   1 parqueadero opcional no incluido  El apartamento cuenta con muy buena iluminacion muy buena ventilación   El sector ademas de ser muy tranquilo cuenta con muchas zonas verdes senderos ecológicos y parques muy buenas escuelas colegios universidades y hospitales rutas de buses y sistema integrado de transporte metro y no incluye administración ,https://bello.olx.com.co/hermoso-apartaestudio-para-estrenar-iid-1062973336,NO,"https://www.google.com/maps/place/6.328999996185303,-75.56500244140625"
19 Sep,15 Sep,abcq2005283,3135127474,None,None,NO,Dueño Directo,La Milagrosa,Bello Antioquia,800000,3,102,4,2,No,Hasta 5 años,HERMOSO DUPLEX,Arriendo hermoso duplex con 4 habitaciones 2 baños sala comedor sala de estar cocina integral con cubierta de 4 puestos de gas campana extractora de olores zona de ropas con tendedero 1 closet iluminacion natural de dia luz de led piso en ceramica ocupa el 4 y 5 piso del edificio Barrio el Cairo Bello al frente del Colegio La Milagrosa Los servicios publicos son aparte del arriendo ,https://bello.olx.com.co/hermoso-duplex-iid-1062959194,NO,"https://www.google.com/maps/place/6.3420000076293945,-75.56099700927734"
19 Sep,15 Sep,Julián  M,3015386363,None,None,NO,Dueño Directo,,Bello Antioquia,599000,2,38,1,1,No,Hasta 5 años,Arriendo Aptestudio Urbanizacion Robledo,Lindo apartaestudio con habitación independiente baño cabina vidrio zona de ropas cocina integral barra americana balcón iluminado con vista a la ciudad amplia zona social biblioteca con opción a segunda habitación unidad con piscina portería 24 horas  opción de parqueadero de moto ,https://bello.olx.com.co/arriendo-aptestudio-urbanizacion-robledo-iid-1062954502,NO,"https://www.google.com/maps/place/6.307000160217285,-75.552001953125"
19 Sep,15 Sep,inmueb,3168335827,None,Apartamento,NO,Dueño Directo,,Bello Antioquia,650000,3,40,2,1,None,Hasta 5 años,Arriendo apto Edificio La Casona Bello,Arriendo apartamento piso 17 2 habitaciones con closet baño cabinado cocina americana calentador de agua sala comedor y zona de ropas sector residencial Bello Antioquia Edificio torre La Casona cerca a la iglesia Goretti WA 3168335827 ,https://bello.olx.com.co/arriendo-apto-edificio-la-casona-bello-iid-1062953171,NO,"https://www.google.com/maps/place/6.3470001220703125,-75.56800079345703"
19 Sep,15 Sep,janet o,3235043373,None,Habitación,NO,Dueño Directo,,Bello Antioquia,400000,3,85,3,2,Si,Hasta 5 años,Alquilo Habitacion,tiene piscina gm derecho a cosina wifi ,https://bello.olx.com.co/alquilo-habitacion-iid-1062945279,NO,"https://www.google.com/maps/place/6.334,-75.564"
19 Sep,15 Sep,Antonio d,3505012364,None,Casa,NO,Dueño Directo,,Bello Antioquia,520000,2,68,3,1,No,Hasta 5 años,Se Arrienda Casa,la casa es muy bonita y cómoda ,https://bello.olx.com.co/se-arrienda-casa-iid-1062940960,NO,"https://www.google.com/maps/place/6.34499979019165,-75.5469970703125"
19 Sep,15 Sep,Gdo A,3045532234,None,Apartamento,NO,Dueño Directo,,Bello Antioquia,420000,2,35,1,1,No,Hasta 5 años,Se arrienda agradable apartamento pequeño en Niquia Camacol,Se arriendo apartaestudio en el barrio Niquia Camacol Bello solo se arrienda a una pareja o persona sola Posee una sola habitación cocina integral sala patio y baño es un tercer piso Se encuentra ubicado en el sector de los colegios frente a la escuela Josefa Campos Precio 420000 libre de servicios Agua luz y gas  Mayor información en el whatsapp 304553223 ,https://bello.olx.com.co/se-arrienda-agradable-apartamento-pequeno-en-niquia-camacol-iid-1062931923,NO,"https://www.google.com/maps/place/6.3480000495910645,-75.5530014038086"
19 Sep,14 Sep,Paola Z,3017569495,None,Apartamento,NO,Dueño Directo,,Bello Antioquia,750000,3,57,3,2,No,Entre 5 y 10 años,Arriendo Apto Urb Paisajes,Apto en excelente estado piso en cerámica Calentador de gas puerta en todas las habitaciones closet habitación principal tienda D1 Y Mall comercial en la unidad vigilancia 24 horas parqueaderos públicos piscina juegos infantiles y cancha sintética ,https://bello.olx.com.co/arriendo-apto-urb-paisajes-iid-1062894861,NO,"https://www.google.com/maps/place/6.337,-75.56"
19 Sep,14 Sep,sofisainmobiliaria,3007003510,None,Apartamento,NO,Inmobiliaria,Centro,Bello Antioquia,1200000,4,68,3,2,Si,A estrenar,APARTAMENTO HERMOSO BIEN UBICADO  NIQUIA  COD 2995A,Apartamento hermoso amplio e iluminado con buena distribución de espacios en arriendo sector Niquia cuenta con  sala  comedor 3 dormitorio  3 closet 2 baños 1 privado 1 social cabinados y enchapado biblioteca cocina integral con barra americana red de gas y eléctrica piso en cerámica zona de ropas 1 balcón corredor  1 parqueadero cubierto 1 parqueadero de visitas 1 cuarto útil seguridad 24 horas shut de basuras senderos peatonales zonas verdes juegos infantiles ascensor cámaras de seguridad piscina para adultos y niños duchas afuera sauna turco gimnasio  salón social BBQ kiosko cancha polideportiva  se ubica en un sector muy tranquilo buenas rutas de trasporte cerca de supermercados y  centro comercial COD 2995A   TELEFONO 3007003510 ,https://bello.olx.com.co/apartamento-hermoso-bien-ubicado-niquia-cod-2995a-iid-1060419488,NO,
19 Sep,14 Sep,Alejandro O,3218820077,3218820077,Apartaestudio,NO,Dueño Directo,,Bello Antioquia,500000,3,44,1,1,No,Entre 5 y 10 años,Se arrienda Apartaestudio,Se arrienda Apartaestudio en excelente estado ubicado en Bello el Carretero a dos cuadras del OR del parque de bello cuenta con cocina salacomedor 1 habitación grande con closet 1 baño zona de ropas y balcón todo independiente Excelentes rutas de buses informes 3218820077 ,https://bello.olx.com.co/se-arrienda-apartaestudio-iid-1062862784,NO,"https://www.google.com/maps/place/6.335999965667725,-75.55999755859375"
19 Sep,13 Sep,Sandra  b,3208609881,3234897888,Casa,NO,Dueño Directo,,Bello Antioquia,650000,2,70,3,1,No,Entre 5 y 10 años,Se Arrienda Casa en Niquia,se arrienda  casa inf 3234897888 ,https://bello.olx.com.co/se-arrienda-casa-en-niquia-iid-1062831504,NO,"https://www.google.com/maps/place/6.3460001945495605,-75.55899810791016"
19 Sep,13 Sep,Sandra  b,3208609881,3234897888,Casa,NO,Dueño Directo,,Bello Antioquia,600000,2,70,3,2,No,Entre 5 y 10 años,Se Arrienda Casa en El Mirador 5 Etapa,se arrienda casa en el mirador mas inf 3234897888 ,https://bello.olx.com.co/se-arrienda-casa-en-el-mirador-5-etapa-iid-1062830773,NO,"https://www.google.com/maps/place/6.346,-75.559"
19 Sep,13 Sep,electronicaslarc715,3104021727,None,Casa,NO,Dueño Directo,,Bello Antioquia,600000,2,75,3,2,No,Entre 5 y 10 años,Arriendo casa en bello mirador,segundo piso con ante jardinsala comedorbaño socialcocina semi integralgas natural 3 alcobas  alcoba principal con bañoterraza con zona de lavado y conexiones para labadora ,https://bello.olx.com.co/arriendo-casa-en-bello-mirador-iid-1062811909,NO,"https://www.google.com/maps/place/6.341000080108643,-75.55799865722656"
19 Sep,13 Sep,Arrendamiento Metropropiedades,4165858u,None,Apartamento,NO,None,,Bello Antioquia,1100000,3,80,3,2,None,None,ARRIENDO DE APARTAMENTO EN SAN JOSE OBRERO BELLO  BELLO 543623,543623 ARRIENDO APARTAMENTO EN EL BARRIO OBRERO  BELLO  CON PARQUEADERO CUBIERTO  PARA ESTRENAR  ACABADOS DE LUJO ZONA ÚNICAMENTE RESIDENCIAL  CON EXCELENTES RUTAS DE TRANSPORTE  CERCA A LA ESTACIÓN DEL METRO MADERA ,https://bello.olx.com.co/arriendo-de-apartamento-en-san-jose-obrero-bello-bello-543-623-iid-1060140348,NO,
19 Sep,12 Sep,Emerson  M,3162374404,None,Habitación,NO,Dueño Directo,,Bello Antioquia,370000,3,9,1,1,Si,Hasta 5 años,Rento Habitación con O sin Cama,habitación en unidad residencial con cama clóset baño privado televisión por cable y WiFi acceso a áreas comunes parqueadero seguridad privada ,https://bello.olx.com.co/rento-habitacion-con-o-sin-cama-iid-1062751396,NO,"https://www.google.com/maps/place/6.340642929077148,-75.56024169921875"
19 Sep,12 Sep,Cesar C,3214776177,None,Habitación,NO,Dueño Directo,,Bello Antioquia,250000,3,5,1,1,No,Entre 10 y 20 años,Arriendo Habitacion,arriendo habitacion derecho a cocina zona de lavado sala comedor esta ubicado en el 11 de octubre facil trasporte  ,https://bello.olx.com.co/arriendo-habitacion-iid-1062743024,NO,"https://www.google.com/maps/place/6.300000190734863,-75.5790023803711"
19 Sep,12 Sep,ARRENDAMIENTOS LA CASTELLANA,3202566063,3202566063,Casa,NO,Inmobiliaria,La Castellana,Bello Antioquia,650000,3,55,2,1,No,Hasta 5 años,SE ARRIENDA CASA EN BOYACA LAS BRISAS,cuenta con 2 alcobas 1 baño con bañera sala comedor zona de ropas cocina integral  CUARTO PISO  ARRENDAMIENTOS LA CASTELLANA   TEL 471 77 88  CELWPP 320 256 6063 ,https://bello.olx.com.co/se-arrienda-casa-en-boyaca-las-brisas-iid-1060273234,NO,
19 Sep,12 Sep,ALEXANDER,3226510609,None,None,NO,Dueño Directo,,Bello Antioquia,750000,3,72,3,1,None,Entre 5 y 10 años,SE ARRIENDA SEGUNDO PISO EN LAS BRISAS,EXCELENTE UBICACIÓN INFO 322 651 06 09 ,https://bello.olx.com.co/se-arrienda-segundo-piso-en-las-brisas-iid-1062728979,NO,"https://www.google.com/maps/place/6.308000087738037,-75.56199645996094"
19 Sep,11 Sep,Juan V,3235687077,3165055919,Apartamento,NO,Dueño Directo,,Bello Antioquia,600000,3,42,2,1,No,A estrenar,Se Alquila Apartamento en Bellomesa,se alquila apartamento en barrio mesa de bello al frente de mercados del norte 4 piso 2 habitaciones una de ellas con closet cocina semi todo enchapadomuy iluminado valor 600000 servicio incluidos gas energía agua  mayor información en el 3165055919 ,https://bello.olx.com.co/se-alquila-apartamento-en-bello-mesa-iid-1062650877,NO,"https://www.google.com/maps/place/6.340000152587891,-75.56199645996094"
19 Sep,11 Sep,jpabustos8,3233620595,None,Apartamento,NO,Dueño Directo,,Bello Antioquia,400000,4,65,3,2,Si,Hasta 5 años,Cuarto en Apto  Boavista  Amazonia Campestre  Bello,Cuarto en Apto Se puede disponer de cocina nevera lavadora Zonas comunes Piscina gimnasio canchas ,https://bello.olx.com.co/cuarto-en-apto-boavista-amazonia-campestre-bello-iid-1062640381,NO,"https://www.google.com/maps/place/6.324999809265137,-75.5479965209961"
19 Sep,11 Sep,Nelson O,3007658994,None,Apartamento,NO,Inmobiliaria,,Bello Antioquia,750000,3,80,3,2,No,Entre 10 y 20 años,ARRIENDO APARTAMENTO TRES ALCOBAS PATIO CERCA AL PARQUE,Hermoso apartamento para arrendar cerca al parque de bello apartamento bien terminado amplio e iluminado tercer piso por escalas sector con muy buenas rutas de acceso y transporte sector muy tranquilo   el apartamento cuenta con las siguientes comodidades   tres alcobas dos baños sala y comedor por aparte cocina integral patio y terraza con zona de ropas y balcon ,https://bello.olx.com.co/arriendo-apartamento-tres-alcobas-patio-cerca-al-parque-iid-1062617660,NO,
19 Sep,11 Sep,nlanegra127992,3508869371,None,Casa,NO,Inmobiliaria,,Bello Antioquia,1100000,3,115,4,2,Si,Entre 10 y 20 años,SE ARRIENDA CASA EN EL SECTOR FLORENCIA,Con un area de 11513 M2 4 alcobas 3 closet 2 baños biblioteca sala barra americana cocina integral patio parquedero cubierto primer piso  Zona muy tranquila buena ruta de transporte y zonas de comidas ,https://bello.olx.com.co/se-arrienda-casa-en-el-sector-florencia-iid-1062617555,NO,
19 Sep,11 Sep,José Hernán  G,3104216719,None,Habitación,NO,Dueño Directo,,Bello Antioquia,350000,3,4,1,None,Si,Hasta 5 años,Arriendo Habitación en Rincón Del Bosque,para hombre solo ,https://bello.olx.com.co/arriendo-habitacion-en-rincon-del-bosque-iid-1062613091,NO,"https://www.google.com/maps/place/6.337,-75.56"
19 Sep,11 Sep,Elvia B,3146969853,None,Habitación,SI,Dueño Directo,Centro,Bello Antioquia,450000,3,12,1,1,Si,Hasta 5 años,Alquilo Habitacion,Es una habitacion amoblada  cerca al centro comercial puerta del Norte y a la eatacion Niquia infor al 3146969853 ,https://bello.olx.com.co/alquilo-habitacion-iid-1062612589,NO,"https://www.google.com/maps/place/6.336999893188477,-75.55999755859375"
19 Sep,11 Sep,Aleja P,3122021994,None,Apartamento,NO,Dueño Directo,,Bello Antioquia,700000,3,50,2,1,No,Entre 5 y 10 años,Se Alquila Apartamento,se alquila apartamento totalmente terminado muy buena ubicación una cuadra de la plaza de mercado y 2 cuadras del parque de bello 3 piso ,https://bello.olx.com.co/se-alquila-apartamento-iid-1062607607,NO,"https://www.google.com/maps/place/6.341000080108643,-75.56500244140625"
19 Sep,11 Sep,Andrés V,3127956015,None,Casa,NO,Dueño Directo,,Bello Antioquia,450000,2,68,5,1,None,Entre 5 y 10 años,Vendo Cambio O Alquilo Casa Unifamiliar medellin,se vende o cambia casa unifamiliar a tres cuadras del parque de Guadalupe no es en bello es en medellin en 70000000 negociables con escritura y licencia de construcción también se arrienda en 450000 para recibir información llamar al 2112382 solo en el horario de 8 am a 4 pm y preguntar por don Jose o al 3127956015 y preguntar por Hector ,https://bello.olx.com.co/vendo-cambio-o-alquilo-casa-unifamiliar-medellin-iid-987481714,NO,"https://www.google.com/maps/place/6.340642929077148,-75.56024169921875"
19 Sep,11 Sep,Jose A,3004700874,None,Apartamento,NO,Dueño Directo,,Bello Antioquia,660000,3,60,3,None,No,Hasta 5 años,Arriendo Apartamento sector Carmelo  Bello,Se arrienda apartamento en Cascadas de Riachelos sector carmelo Bello Antioquia  Tres alcobas con closet Salóncomedor Cocina integral Dos baños Calentador Balcón Red de de gas Zona de ropas ,https://bello.olx.com.co/arriendo-apartamento-sector-carmelo-bello-iid-1062582464,NO,"https://www.google.com/maps/place/6.336999893188477,-75.56900024414062"
19 Sep,11 Sep,Arrendamientos Panorama Norte,4776767u,None,Casa,NO,None,Prado,Bello Antioquia,2000000,3,110,5,2,None,Entre 20 y 50 años,ARRIENDO DE CASA EN PRADO BELLO  BELLO 387504,387504 Se arrienda cómoda casa en bello prado con fácil acceso a transporte público colegios zonas verdes y cerca al parque principal  CARACTERÍSTICAS  Cinco habitaciones  Dos baños sencillos Dos closet Patio  Zona de ropa Solar Red de gas ,https://bello.olx.com.co/arriendo-de-casa-en-prado-bello-bello-387-504-iid-1062568283,NO,
19 Sep,11 Sep,linda  a,3046524317,None,Apartamento,NO,Dueño Directo,villa,Bello Antioquia,380000,2,45,2,1,No,A estrenar,Se Alquila Apartamento en Bello,se alquila apartamento de 2 alcobas sa cosina baño 3 piso en obra negra en el barrio bello villalinda libre de agua y luz se pide carta laboral fotocopia de la cedula y deposito de 100000 interesados llamar al 3046524317 ,https://bello.olx.com.co/se-alquila-apartamento-en-bello-iid-1062568210,NO,"https://www.google.com/maps/place/6.358,-75.571"
19 Sep,11 Sep,Arrendamientos del Norte,44442716,None,Apartamento,NO,None,,Bello Antioquia,1050000,1,65,3,2,None,Entre 5 y 10 años,Apartamento en Arriendo Ubicado en BELLO,Codigo Inmueble 5058 Código 5058  PISO 25 EN EDIFICACIÓN DE 26 PISOS ALCOBAS CON PUERTAS CABINA EN VIDRIO ,https://bello.olx.com.co/apartamento-en-arriendo-ubicado-en-bello-iid-1062567894,NO,
19 Sep,10 Sep,Luisa Fernanda Rúa M,3216684823,3216684823,Habitación,SI,Dueño Directo,,Bello Antioquia,350000,3,5,1,1,None,Entre 5 y 10 años,Arriendo Habitación Niquia Bello,habitación amoblada o sin amoblar barrio Niquia cerca a estación de metro Niquia cuenta con cama nochero y closet y acceso a los servicios de la casa wifi parabólica nevera lavadora Aparte del valor de la habitación se puede negociar la alimentación mas información 3216684823 luisa ,https://bello.olx.com.co/arriendo-habitacion-niquia-bello-iid-1062542180,NO,"https://www.google.com/maps/place/6.341800212860107,-75.54952239990234"
19 Sep,10 Sep,Luz Mary Ospina O,None,None,Apartamento,NO,Dueño Directo,,Bello Antioquia,650000,3,60,2,1,No,Hasta 5 años,ARRIENDO APARTAMENTO INTERNO LIBRE SERVICIOS EN NIQUIA POR LA CHINCA,2 habitaciones 1 bao  libre de servicios ,https://bello.olx.com.co/arriendo-apartamento-interno-libre-servicios-en-niquia-por-la-chinca-iid-1062539186,NO,"https://www.google.com/maps/place/6.343999862670898,-75.5510025024414"
19 Sep,10 Sep,biviana  a,3004814220,None,Apartamento,NO,Dueño Directo,,Bello Antioquia,560000,3,52,2,1,No,Hasta 5 años,Se Arrienda Apartamento en Bello,se arrienda  apartamento a una cuadra de la plaza de bello tercer piso para dos personas sin niños ni mascotas ,https://bello.olx.com.co/se-arrienda-apartamento-en-bello-iid-1062537024,NO,"https://www.google.com/maps/place/6.333000183105469,-75.55799865722656"
19 Sep,10 Sep,DC DESARROLLO Y CONSTRUCCIÓN SAS,3165227605,None,Apartamento,NO,Inmobiliaria,Centro,Bello Antioquia,1200000,4,68,3,2,Si,A estrenar,HERMOSO APARTAMENTO SECTOR NIQUIA CÓDIGO A2995,Hermoso apartamento amplio e iluminado con buena distribución de espacios en arriendo sector Niquia cuenta con  sala  comedor 3 alcobas  3 closet 2 baños 1 privado 1 social  cabinados  biblioteca cocina integral barra americana red de gas y eléctrica piso en cerámica zona de ropas 1 balcón 1 parqueadero cubierto 1 parqueadero de visitas seguridad 24 horas shut de basuras senderos peatonales zonas verdes juegos infantiles ascensor cámaras de seguridad piscina para adultos y niños duchas afuera sauna turco gimnasio  salón social BBQ kiosko cancha polideportiva  se ubica en un sector muy tranquilo buenas rutas de trasporte cerca de supermercados y  centro comercial ,https://bello.olx.com.co/hermoso-apartamento-sector-niquia-codigo-a2995-iid-1060059973,NO,
19 Sep,10 Sep,Diana C,3216443439,None,Apartamento,NO,Dueño Directo,,Bello Antioquia,330000,3,60,2,1,No,Hasta 5 años,Se Comparte Apartamento,Disponibilidad inmediata ,https://bello.olx.com.co/se-comparte-apartamento-iid-1062522714,NO,"https://www.google.com/maps/place/6.339000225067139,-75.54900360107422"
19 Sep,10 Sep,Somos ámbito Inmobiliario,3017971348,None,Apartamento,NO,Inmobiliaria,,Bello Antioquia,850000,3,60,3,2,Si,Entre 5 y 10 años,APARTAMENTO ESTACION NIQUIA,Apartamento con excelentes acabados muy buena ubicación sector seguro y tranquilo cuenta con 3 habitaciones dos baños sala comedor cocina integral zona de ropas parqueadero comun ,https://bello.olx.com.co/apartamento-estacion-niquia-iid-1060046325,NO,
19 Sep,10 Sep,Arrendamientos del Norte,44442716,None,Apartamento,NO,None,,Bello Antioquia,650000,3,74,3,1,None,Entre 5 y 10 años,Apartamento en Arriendo Ubicado en BELLO,Codigo Inmueble 1970 Código 1970 3 PISO EN EDIFICACIÓN DE 4 PISOS MÁXIMO PARA 4 PERSONAS Acceso al inmueble por escalas ,https://bello.olx.com.co/apartamento-en-arriendo-ubicado-en-bello-iid-1062469429,NO,
19 Sep,10 Sep,Arrendamientos del Norte,44442716,None,Apartamento,NO,None,,Bello Antioquia,680000,3,48,2,1,None,Entre 5 y 10 años,Apartamento en Arriendo Ubicado en BELLO,Codigo Inmueble 4005 Código 4005 PISO 23 EN EDIFICACIÓN DE 28 PISOS Acceso al inmueble por Sendero Peatonal ascensor y escalas ALCOBAS CON PUERTAS CABINA EN VIDRIO PARQUEADERO PARA CARRO ,https://bello.olx.com.co/apartamento-en-arriendo-ubicado-en-bello-iid-1062469183,NO,
19 Sep,10 Sep,Arrendamientos del Norte,44442716,None,Casa,NO,None,,Bello Antioquia,900000,3,72,3,1,None,Entre 5 y 10 años,Casa en Arriendo Ubicado en BELLO,Codigo Inmueble 1692 2 PISO EN EDIFICACIÓN DE 3 PISOS ALCOBAS CON PUERTA Y BAÑO ENCHAPADO NO PERMITEN MASCOTAS ,https://bello.olx.com.co/casa-en-arriendo-ubicado-en-bello-iid-1062469171,NO,
19 Sep,10 Sep,Arrendamientos del Norte,44442716,None,Apartamento,NO,None,,Bello Antioquia,620000,3,54,3,2,None,Entre 5 y 10 años,Apartamento en Arriendo Ubicado en BELLO,Codigo Inmueble 530 Código 530 5 PISO EN EDIFICACIÓN DE 5 PISOS Acceso al inmueble por Sendero Peatonal y escalas ,https://bello.olx.com.co/apartamento-en-arriendo-ubicado-en-bello-iid-1062469101,NO,
19 Sep,10 Sep,Arrendamientos del Norte,44442716,None,Apartamento,NO,None,,Bello Antioquia,620000,3,56,2,1,None,Entre 5 y 10 años,Apartamento en Arriendo Ubicado en BELLO,Codigo Inmueble 1476 Código 1476 2 PISO EN EDIFICACIÓN DE 3 PISOS NO SE PERMITEN MASCOTAS MÁXIMO PARA 3 PERSONAS Y NO SE PERMITE RUIDO HASTA ALTAS HORAS DE LA NOCHE Acceso al inmueble por Sendero Peatonal escalas ,https://bello.olx.com.co/apartamento-en-arriendo-ubicado-en-bello-iid-1062469036,NO,
19 Sep,10 Sep,Arrendamientos del Norte,44442716,None,Apartamento,NO,None,,Bello Antioquia,600000,3,54,2,1,None,Entre 5 y 10 años,Apartamento en Arriendo Ubicado en BELLO,Codigo Inmueble 1619 2ª PISO DE 3 PISOS ALCOBAS CON PUERTA BAÑO ENCHAPADO BARRA AMERICANA NO SE PERMITEN MASCOTAS NO PONER ROPA EN EL BALCÓN Y MANTENER LA REJA CERRADA DE PRIMER PISO POR SEGURIDAD Acceso al inmueble por escalas ,https://bello.olx.com.co/apartamento-en-arriendo-ubicado-en-bello-iid-1062469014,NO,
19 Sep,10 Sep,Arrendamientos del Norte,44442716,None,Apartamento,NO,None,,Bello Antioquia,640000,2,61,2,1,None,Entre 5 y 10 años,Apartamento en Arriendo Ubicado en BELLO,Codigo Inmueble 1096 Código 1096 4 PISO EN EDIFICACIÓN DE 4 PISOS MASCOTAS QUE NO HAGAN MUCHO RUIDO ,https://bello.olx.com.co/apartamento-en-arriendo-ubicado-en-bello-iid-1062469011,NO,
19 Sep,9 Sep,ARRENDAMIENTOS LA CASTELLANA,3202566063,3202566063,Apartamento,NO,Inmobiliaria,La Castellana,Bello Antioquia,950000,3,60,3,2,Si,A estrenar,se arrienda apartamento PARA ESTRENAR en el trapiche bello,cuenta con 3 alcobas 2 baños sala comedor zona de ropas 3 closets balcon  PARQUEADERO  ARRENDAMIENTOS LA CASTELLANA  TEL 471 77 88  CELWPP 320 256 6063 ,https://bello.olx.com.co/se-arrienda-apartamento-para-estrenar-en-el-trapiche-bello-iid-1059961233,NO,
19 Sep,9 Sep,ARRENDAMIENTOS LA CASTELLANA,3202566063,3202566063,Casa,NO,Inmobiliaria,La Castellana,Bello Antioquia,650000,3,58,3,1,No,Hasta 5 años,se arrienda casa en cabañitas,cuenta con 3 alcobas 1 baño sal acomedor zona de ropas 3 closets sin puertas  SEGUNDO PISO INTERIOR  ARRENDAMIENTOS LA CASTELLANA  TEL 471 77 88  CELWPP 320 256 6063 ,https://bello.olx.com.co/se-arrienda-casa-en-cabanitas-iid-1059960509,NO,
19 Sep,9 Sep,ARRENDAMIENTOS LA CASTELLANA,3202566063,3202566063,Apartamento,NO,Inmobiliaria,La Castellana,Bello Antioquia,850000,3,60,3,2,No,A estrenar,se arrienda apartamento en el mirador bello,cuenta con 3 alcobas 2 baños 2 closets zona de ropas red de gas  TAMBIEN SE VENDE EN 145000000  ARRENDAMIENTOS LA CASTELLANA  TEL 471 77 88  CELWPP 320 256 6063 ,https://bello.olx.com.co/se-arrienda-apartamento-en-el-mirador-bello-iid-1057166570,NO,
19 Sep,9 Sep,direccion23,3008478020,None,Apartamento,NO,Inmobiliaria,,Bello Antioquia,750000,3,60,3,2,Si,Entre 5 y 10 años,ARRIENDO APARTAMENTO SANTANA BUCAROS BELLO,ARRIENDO APARTAMENTO SANTANA BUCAROS BELLO HABITACIONES 3 CLOSETS 3 BAÑOS 2 SALA COMER COCINA ZONA ROPAS PISO 4 SIN ASENSOR UNIDAD ABIERTA PARQUEADERO COMÚN MAYOR INFORMACIÓN EN EL 3008478020 ,https://bello.olx.com.co/arriendo-apartamento-santana-bucaros-bello-iid-1062400234,NO,
19 Sep,9 Sep,Gustavo G,3012120350,None,Apartamento,NO,Dueño Directo,,Bello Antioquia,1000000,3,62,3,2,Si,A estrenar,Apartamento en MAJAGUA Bello  PARA ESTRENAR  Excelentes acabados, 3 Habitaciones todas con armario  SalaComedor  Cocina y lavadero con excelentes acabados  2 baños  Apartamento totalmente terminado PARA ESTRENAR y con excelentes acabados  Incluye Parqueadero  Cuarto util  Piso 9  Excelente vista ruta de buses e integrado Metro   Piscina niños  Piscina adultos  Gimnasio semidotado  Placa deportiva  Juegos infantiles  Salón social  Zona de mascotas  Condiciones y requisitos  Certificado laboral de las personas que trabajan Recibos de las dos ultimas colillas de pago Cedula de Ciudadanía Referencia comercial Fiador con referencias comerciales  Si la persona es independiente Certificado de ingresos firmado por contador Cedula de Ciudadanía Cámara de comercio inferior a 30 días Referencia comercial Fiador con propiedad raíz   Si cumple con la papelería se encuentra interesadao  o necesita más información Whatsapp 3012120350  Si necesita ver más detallado el inmueble escríbame al Whatsapp y con gusto le envió  un video con el recorrido  Se estudia la papelería y se procede a mostrarlo Muchas GRACIAS ,https://bello.olx.com.co/apartamento-en-majagua-bello-para-estrenar-excelentes-acabados-iid-1062390570,NO,"https://www.google.com/maps/place/6.340000152587891,-75.572998046875"
19 Sep,9 Sep,jhonfredy1234,3148124166,None,Casa,NO,Dueño Directo,,Bello Antioquia,780000,2,90,3,2,No,A estrenar,ARRIENDO CASA PARA ESTRENAR CARMELITANO BELLO,Arriendo casa para estrenar cerca al colegio carmelitano 90 mts Sala comedor 3 habitaciones con closet cocina integral red de gas 2 baños con cabina zona de ropas balcón  Informes 3148124166 ,https://bello.olx.com.co/arriendo-casa-para-estrenar-carmelitano-bello-iid-1062389979,NO,"https://www.google.com/maps/place/6.340000152587891,-75.56700134277344"
19 Sep,9 Sep,Gustavo G,3012120350,None,Apartamento,NO,Dueño Directo,,Bello Antioquia,650000,2,45,2,1,Si,Hasta 5 años,Apartamento en arriendo  Urbanización residencial Trigales  Bello  650mil, SalaComedor  Cocina con gabinetes  2 Habitaciones con armarios  1 baño  Apartamento total mente terminado  Incluye Parqueadero de moto  Piso 19  Excelente vista ruta de buses e integrado Metro  Condiciones y requisitos  Máximo para 4 personas Certificado laboral de las personas que trabajan Recibos de las dos ultimas colillas de pago Cedula de Ciudadanía Referencia comercial Fiador con referencias comerciales  Si la persona es independiente Certificado de ingresos firmado por contador Cedula de Ciudadanía Cámara de comercio inferior a 30 días Referencia comercial Fiador con propiedad raíz   Si cumple con la papelería se encuentra interesadao  o necesita más información Whatsapp 3012120350  Si necesita ver más detallado el inmueble escríbame al Whatsapp y con gusto le envió  un video con el recorrido  Se estudia la papelería y se procede a mostrarlo Muchas GRACIAS ,https://bello.olx.com.co/apartamento-en-arriendo-urbanizacion-residencial-trigales-bello-650mil-iid-1062386465,NO,"https://www.google.com/maps/place/6.340000152587891,-75.57099914550781"
19 Sep,9 Sep,Gustavo G,3012120350,None,Apartamento,NO,Dueño Directo,,Bello Antioquia,650000,2,45,2,1,Si,Hasta 5 años,Apartamento en Unidad Residencial Trigales Bello Antioquia, SalaComedor  Cocina con gabinetes  2 Habitaciones con armarios  1 baño  Apartamento totalmente terminado  Incluye Parqueadero de moto  Piso 16  Excelente vista ruta de buses e integrado Metro  Condiciones y requisitos  Máximo para 4 personas Certificado laboral de las personas que trabajan Recibos de las dos ultimas colillas de pago Cedula de Ciudadanía Referencia comercial Fiador con referencias comerciales  Si la persona es independiente Certificado de ingresos firmado por contador Cedula de Ciudadanía Cámara de comercio inferior a 30 días Referencia comercial Fiador con propiedad raíz   Si cumple con la papelería se encuentra interesadao  o necesita más información Whatsapp 3012120350  Si necesita ver más detallado el inmueble escribame al Whatsapp y con gusto le envio  un video con el recorrido  Se estudia la papelería y se procede a mostrarlo Muchas GRACIAS ,https://bello.olx.com.co/apartamento-en-unidad-residencial-trigales-bello-antioquia-iid-1062385849,NO,"https://www.google.com/maps/place/6.339000225067139,-75.5719985961914"
19 Sep,8 Sep,fabiola p,3195323587,None,Apartamento,NO,Dueño Directo,,Bello Antioquia,500000,3,30,1,1,No,Entre 5 y 10 años,Arriendo Aparta Estudio,el valor incluye servicio de agua y energía ,https://bello.olx.com.co/arriendo-aparta-estudio-iid-1062351387,NO,"https://www.google.com/maps/place/6.337,-75.56"
19 Sep,8 Sep,alexis  t,3007376200,None,Apartamento,NO,Dueño Directo,,Bello Antioquia,600000,3,25,1,1,No,A estrenar,Se Alquila Aparta Estudio,se alquila apartaestudio para pareja o persona sola el precio es libre de servicios no incluye tv telefonia wifi 3007376200 ,https://bello.olx.com.co/se-alquila-aparta-estudio-iid-1062330626,NO,"https://www.google.com/maps/place/6.340642929077148,-75.56024169921875"
19 Sep,8 Sep,yeison r,3207767055,None,None,NO,Dueño Directo,,Bello Antioquia,190,2,4,1,1,No,Entre 10 y 20 años,Se Arrienda Alcoba,se alquila habitacion a mujer sola que trabaje o estudie esta ubicada a 5 cuadras de la estacion acevedo muy buenas rutas de trasnporte la habitacion es libres de servicios tiene derecho al uso de lavadora cocina parabolica y se le entrega con cama tiene un valor de 190 mil pesos interezadas me pueden llamar al 3207767055 ,https://bello.olx.com.co/se-arrienda-alcoba-iid-1062305829,NO,"https://www.google.com/maps/place/6.304999828338623,-75.55000305175781"
19 Sep,7 Sep,María Eugenia M,3218898125,None,Apartamento,NO,Dueño Directo,El Bosque,Bello Antioquia,800000,3,63,3,2,No,A estrenar,Apto Arriendo Rincón Del Bosque Bello,Se arrienda bonito apartamento en Unidad Rincón del Bosque Bello Piso 10 cuenta con 3 habitaciones 2 baños acceso a piscinas gimnasio dotado y canchas No parqueadero privado dispone de parqueadero de visitantes Admin incluida Facilidad de transporte Dueño directo 800000 ,https://bello.olx.com.co/apto-arriendo-rincon-del-bosque-bello-iid-1062286292,NO,"https://www.google.com/maps/place/6.2512898445129395,-75.57597351074219"
19 Sep,7 Sep,Leonardo Z,3015768696,None,None,NO,Dueño Directo,,Bello Antioquia,250000,3,5,2,1,None,Hasta 5 años,Arriendo Habilitaciones,Se arriendan habitaciones WhatsApp  3015768696 con WiFi ,https://bello.olx.com.co/arriendo-habilitaciones-iid-1062262702,NO,"https://www.google.com/maps/place/6.313850402832031,-75.56813049316406"
19 Sep,7 Sep,olga C,3118822182,None,Habitación,NO,Dueño Directo,,Bello Antioquia,350000,2,3,1,1,None,Hasta 5 años,Arriendo Habitacion en Niquia, ,https://bello.olx.com.co/arriendo-habitacion-en-niquia-iid-1062253851,NO,"https://www.google.com/maps/place/6.34499979019165,-75.5469970703125"
19 Sep,4 Sep,Martha Cecilia correa O,3016685553,3233980411,None,NO,Dueño Directo,,Bello Antioquia,750000,3,80,2,2,No,Hasta 5 años,Se Arrienda,apartamento para arrendar cerca al éxito y a colegios tiene sala comedor 2 habitaciones un cuarto de estudio 2 baños 2 balcones se encuentra en unidad cerrada con piscina está recién remodelado y consta de muy buena seguridad los interesados llamar al 3233980411 ,https://bello.olx.com.co/se-arrienda-iid-1061979838,NO,"https://www.google.com/maps/place/6.338933944702148,-75.55086517333984"
19 Sep,3 Sep,Ángela María González D,3207184099,None,Apartamento,NO,Dueño Directo,,Bello Antioquia,650000,2,110,2,1,No,Hasta 5 años,Se Arrienda Apartamento,se alquila apartamento para máximo 3 personas cuenta con sala dos habitación patio cocina y baño en cuarto piso  con servicio incluidos interesados llamar al cel 320 718 40 99 ,https://bello.olx.com.co/se-arrienda-apartamento-iid-1061921807,NO,"https://www.google.com/maps/place/6.346,-75.547"
19 Sep,3 Sep,Luiyi  Y,3157254190,None,Habitación,SI,Dueño Directo,,Bello Antioquia,500000,3,76,1,1,None,Entre 10 y 20 años,Se Arrienda Habitación Amoblada,Se arrienda habitación en belloniquia amoblada en belloniquia con todos los servicios incluidos totalmente amoblado cuentan con cama matrimonial nevera lavadora comedor utensilios de cocina unidad cerrada con vigilancia 24hrs más información al WhatsApp ,https://bello.olx.com.co/se-arrienda-habitacion-amoblada-iid-1061860313,NO,"https://www.google.com/maps/place/6.3379998207092285,-75.55000305175781"
19 Sep,2 Sep,Arteaga J,3105846434,None,Habitación,SI,Dueño Directo,Centro,Bello Antioquia,300000,2,9,1,1,Si,Entre 10 y 20 años,Arriendo Habitación,Arriendo una Habitación  Amoblada con wifi para una sola persona en casa de familia el valor esta incluido los servicios no tiene cocina y no es un hotel esta ubicada al frente centro salud playa rica en Bello  primero se hace estudio a la documentación mas información por whatsapp o llamar 3105846434 gracias ,https://bello.olx.com.co/arriendo-habitacion-iid-1061838151,NO,"https://www.google.com/maps/place/6.3451032638549805,-75.56826782226562"
19 Sep,2 Sep,Marcela A,3057051785,None,Casa,NO,Dueño Directo,,Bello Antioquia,750000,3,110,3,1,No,Entre 10 y 20 años,Arriendo casa muy amplia barrioelcairo,Excelente ventilacin e iluminacin  3alcobas 1bao sala comedor cocina ,https://bello.olx.com.co/arriendo-casa-muy-amplia-barrioelcairo-iid-1061832069,NO,"https://www.google.com/maps/place/6.336999893188477,-75.55999755859375"
19 Sep,2 Sep,Vyco A,3192676419,3192676419,Habitación,NO,Dueño Directo,,Bello Antioquia,200000,2,360,1,1,No,A estrenar,Se Arrienda Habitación a Persona Sola,Una habitación en un cuarto piso con buena visibilidad escribir al whasapp 3192676419 ,https://bello.olx.com.co/se-arrienda-habitacion-a-persona-sola-iid-1061826059,NO,"https://www.google.com/maps/place/6.340642929077148,-75.56024169921875"
19 Sep,2 Sep,canela1102340,3507293683,None,Habitación,SI,Dueño Directo,,Bello Antioquia,420000,3,664,3,2,Si,Entre 5 y 10 años,Arriendo Habitaciones,ARRIENDO HABITACIONES PARQUE PRINCIPAL DE BELLO Y MADERA A 460 TRAPICHE 420 Nota precio cu para dos personas sube el costo baño privado sube el costo LAS HABITACIONES SON AMOBLADAS CON BAÑO PRIVADO PARA PAREJAS PARA HOMBRE O MUJER NOTA LLAMAR O ESCRIBIR AL CELULAR 3507293683 PISCINA ZONA DE ASADOS CANCHA SINTÉTICA CON TV CAMA CLOSET INTERNET WIFI 10 MEGAS USO DE NEVERA LAVADORA COCINA AMBIENTE TRANQUILO SE LES PERMITE VISITAS PARQUEADERO EN ZONA COMÚN PARA CARRO O MOTO EXCELENTE TRANSPORTE info Numero habilitado tambien como whatsapp  3507293683 ,https://bello.olx.com.co/arriendo-habitaciones-iid-1061765590,NO,"https://www.google.com/maps/place/6.3349833488464355,-75.55826568603516"
19 Sep,31 Ago,robertandresplata329,3146603288,None,Habitación,SI,Dueño Directo,,Bello Antioquia,400000,3,5,1,1,No,En construcción,ARRIENDO HABITACIÓN EN BELLO CERCA A MADERA,Arriendo habitación en unidad Toledo Campestre en el barrio La Gabriela en Bello Calle 37 43A56 Actualmente la unidad cuenta con salón social gimnasio al aire libre juegos infantiles y lavadoras autoservicio tipo americanas próximamente piscina de adultos y de niños canchas de volleyball y microfutbol y portería tipo lobby  DESCRIPCIÓN DEL CUARTO  Cuarto amoblado de 54 metros cuadrados con cama y closet pequeño no empotrado Puede hacer uso de un baño compartido Puede hacer uso de la cocina con espacio de almacenamiento propio Puede hacer uso de la nevera y lavadora sin costo adicional Puede hacer uso de las zonas comunes de la unidad Acceso a Internet de 10MB Servicios incluidos   No mascotas No niños No parejas  Preferiblemente una persona que estudie o trabaje responsable respetuosa y organizada  INFO Whatsapp 3146603288 Fijo 4894643 ,https://bello.olx.com.co/arriendo-habitacion-en-bello-cerca-a-madera-iid-1061663047,NO,"https://www.google.com/maps/place/6.323999881744385,-75.5479965209961"
19 Sep,30 Ago,jesus r,3052465267,None,Apartamento,NO,Dueño Directo,,Bello Antioquia,700000,4,38,2,1,No,Entre 5 y 10 años,Arriendo Apartamento,APT dos habitaciones un baño cocina y sala ,https://bello.olx.com.co/arriendo-apartamento-iid-1061613225,NO,"https://www.google.com/maps/place/6.307000160217285,-75.5790023803711"
19 Sep,30 Ago,Alejandro Ocampo S,3166758168,None,Apartamento,NO,Dueño Directo,,Bello Antioquia,620000,2,50,2,1,No,Entre 10 y 20 años,Apartamento en Arriendo,Segundo piso 2 habitaciones Salacomedor Cocina Semiintegral Piso en Cerámica Barra Americana Gas por red Servicios Incluidos Fácil transporte ,https://bello.olx.com.co/apartamento-en-arriendo-iid-1061604823,NO,"https://www.google.com/maps/place/6.338910102844238,-75.56781005859375"
19 Sep,30 Ago,Andrés M,3007585235,None,Apartamento,NO,Dueño Directo,,Bello Antioquia,550000,2,40,2,1,No,Entre 5 y 10 años,Se Arrienda Apartamento,se arrienda apartamento en el barrio central de bello cercano al parque principal cuenta con dos habitaciones sala comedor cocina patio pequeño poceta baño red de gas El precio es de 550000 mil pesos interesados llamar o escribir al número 3007585235 ,https://bello.olx.com.co/se-arrienda-apartamento-iid-1061540406,NO,"https://www.google.com/maps/place/6.336999893188477,-75.55999755859375"
19 Sep,29 Ago,paezrinmobiliaria2,3005720011,None,Apartamento,NO,Dueño Directo,100,Bello Antioquia,1100000,4,60,3,2,Si,A estrenar,ARRIENDO DIRECTAMENTE APARTAMENTO NUEVO  HERMOSO EN AMAZONIAS   MEDELLIN,A estrenar apartamento en arriendo campestre cómodo excelentes acabados en amazonias cabañas unidad res camino del viento  Tercer piso  Balcón tres habitaciones con clóseth sala comedor amplia cocina integral Mesón en mármol calentador de paso piso en porcelanato ascensores 60 mts 2 unidad res con piscina turco sauna parque infantil y juegos amplias zonas verdes parqueadero propio vigilancia 24 hs estrato 4   Buen transporte buses de bello y del metro Requisitos   certificaciones laborales actualizadas un fiador con propiedad raíz sin gravámenes referencias del anterior arrendador y 500000 de depósito  arriendo  1100000 pesos  libres de admón  informes 5388811   y 3005720011 whatsapp ,https://bello.olx.com.co/arriendo-directamente-apartamento-nuevo-hermoso-en-amazonias-medellin-iid-1061524570,NO,"https://www.google.com/maps/place/6.316999912261963,-75.56700134277344"
19 Sep,29 Ago,Jessibeth A,3196114857,None,Habitación,NO,Dueño Directo,,Bello Antioquia,400000,3,4,1,1,Si,Entre 5 y 10 años,Alquiler Habitacion Niquia,Alquilo habitación a persona sola que trabaje Habitación en ubicada a 5 minutos de puerta del norte fácil acceso a transporte público ubicada en unidad cerrada cuenta con parqueadero salón social piscina parque con acceso a zonas comunes de la casa uso de cocina nevera lavadora ambiente familiar Con cama y closet ,https://bello.olx.com.co/alquiler-habitacion-niquia-iid-1061521176,NO,"https://www.google.com/maps/place/6.338935375213623,-75.5418472290039"
19 Sep,29 Ago,Madeleyn  R,3015166963,None,Apartamento,NO,Dueño Directo,,Bello Antioquia,630000,2,54,2,1,No,A estrenar,Se Arrienda Apartamento Segundo Piso,El valor es libre de servicios agua luz y gas  Sin administración  Urbanización Estación Primera en Bello  Con buen servicio de transporte hacia las estaciones Madera y Niquía  Cerca hay dos instituciones educativas varios minimercados y D1 En frente tiene zona verde y es un lugar muy tranquilo  Habitaciones con guardarropa puertas y ventanas ,https://bello.olx.com.co/se-arrienda-apartamento-segundo-piso-iid-1061515893,NO,"https://www.google.com/maps/place/6.336999893188477,-75.55999755859375"
19 Sep,28 Ago,Javier Dario C,3012006036,3012006036,Habitación,NO,Dueño Directo,,Bello Antioquia,300000,3,60,3,1,No,Entre 5 y 10 años,Se alquila habitacion sin amoblar,Se alquila pieza con closet con servicios incluidos whass 3012006036 ,https://bello.olx.com.co/se-alquila-habitacion-sin-amoblar-iid-1061431582,NO,"https://www.google.com/maps/place/6.337803840637207,-75.54429626464844"
19 Sep,28 Ago,Enrique T,3122962971,None,Apartamento,NO,Dueño Directo,,Bello Antioquia,950000,3,72,3,2,Si,Hasta 5 años,Apartamento  Bello  Antioquia en  unidad cerrada,Sector TRAPCIHE apartamento de 72 metros 3 alcobas 2 baños estudio sala comedor y zona de ropas parqueadero para vehículo  unidad cerrada con salón social piscina gimnasio parquaderos para visitantes ,https://bello.olx.com.co/apartamento-bello-antioquia-en-unidad-cerrada-iid-1061414146,NO,"https://www.google.com/maps/place/6.3429999351501465,-75.57499694824219"
19 Sep,27 Ago,ramirito,3013194035,None,Apartamento,NO,Dueño Directo,,Bello Antioquia,104990000,2,42,2,1,No,Hasta 5 años,VENTA DE APARTAMENTO,Este esta en muy buen estado esta ubicado en la unidad residencial trigales este tiene baño con cabina de vidrioespejo y totalmente terminado  sala con espejo de lujo pasillo con una mini biblioteca cocina con barra  y lavadero totalmente terminado con sus cajoneras   2 habitaciones con sus respectivos closets y terminadas  El apto cuenta con muy buena vista y la unidad cuenta  zona BBQ  zonas verdes zona para mascotas  parque infantil  portería 247 1 cancha de fútbol1 cancha de basquetbol y 1 cancha libre   tienda y papelería dentro de la unidad  salón social  cerca a este encontramos  colegios  iglesia tienda papelería panadería transporte heladeríaEste esta en muy buen estado esta ubicado en la unidad residencial trigales este tiene baño con cabina de vidrioespejo y totalmente terminado  sala con espejo de lujo pasillo con una mini biblioteca cocina con barra  y lavadero totalmente terminado con sus cajoneras   2 habitaciones con sus respectivos closets y terminadas  El apto cuenta con muy buena vista y la unidad cuenta  zona BBQ  zonas verdes zona para mascotas  parque infantil  portería 247 1 cancha de fútbol1 cancha de basquetbol y 1 cancha libre   tienda y papelería dentro de la unidad  salón social  cerca a este encontramos  colegios  iglesia tienda papelería panadería transporte heladería puestos de comidas rápidas y demás ,https://bello.olx.com.co/venta-de-apartamento-iid-1061338953,NO,"https://www.google.com/maps/place/6.341000080108643,-75.56300354003906"
19 Sep,27 Ago,Luis  o,3041452758,None,Habitación,NO,Dueño Directo,,Bello Antioquia,230000,2,50,1,1,No,Hasta 5 años,Se Arrenda Habitacion sin Amoblar,ambiente  no familiar solo mujer que trabaje o que estudie   ojo  sola ,https://bello.olx.com.co/se-arrenda-habitacion-sin-amoblar-iid-1061328981,NO,"https://www.google.com/maps/place/6.3470001220703125,-75.55599975585938"
19 Sep,25 Ago,Brian S,3137150151,None,Habitación,NO,Dueño Directo,,Bello Antioquia,350000,3,8,1,1,None,A estrenar,Se Arrienda Habitación en Bello,Es una habitación con WiFi y servicios incluidos se alguila para persona sola está ubicada en Bello Antioquia frente a la choza Marco Fidel Suárez 57 313 7150151 solo WhatsApp ,https://bello.olx.com.co/se-arrienda-habitacion-en-bello-iid-1061115229,NO,"https://www.google.com/maps/place/6.336307048797607,-75.55982971191406"
19 Sep,25 Ago,Cristian B,3215394666,None,Habitación,NO,Dueño Directo,Pedregal,Bello Antioquia,250000,2,10,1,1,No,Entre 5 y 10 años,Habitación en El Barrio Santander,Habitación en el barrio Santander libre de servicios y con acceso a Internet con ruta integrada metro cercana y ruta transmedellin a 10 minutos caminando del Sena de Pedregal ,https://bello.olx.com.co/habitacion-en-el-barrio-santander-iid-1061114579,NO,"https://www.google.com/maps/place/6.307000160217285,-75.5719985961914"
19 Sep,23 Ago,Zoila V,3206938737,None,Habitación,SI,Dueño Directo,,Bello Antioquia,280000,1,4,1,1,No,Entre 10 y 20 años,ARRIENDO HABITACION A PERSONA SOLA,SE ARRIENDA HABITACION AMOBLADA BAÑO Y COCINA COMPARTIDA CON DERECHO A USAR LA NEVERA Y LAVADORA Y  ZONAS COMUNES CON SERVICIOS INCLUIDOS Y WIFI  CON BUENO SERVICIO DE TRANSPORTE ,https://bello.olx.com.co/arriendo-habitacion-a-persona-sola-iid-1060928634,NO,"https://www.google.com/maps/place/6.3470001220703125,-75.54499816894531"
19 Sep,22 Ago,maikol U,3177995425,None,Habitación,NO,Dueño Directo,,Bello Antioquia,250,1,1,1,1,No,A estrenar,Arriendo Habitacion a Persona Sola,arriendo habitacion libre de servicios en 250 persona sola derecho a cocina  nevera ,https://bello.olx.com.co/arriendo-habitacion-a-persona-sola-iid-1060903954,NO,"https://www.google.com/maps/place/6.339000225067139,-75.54900360107422"
19 Sep,22 Ago,Cesar C,3214476177,None,Habitación,NO,Dueño Directo,100,Bello Antioquia,250000,2,9,1,1,No,Hasta 5 años,Arriendo Habitacion,se tiene derecho a zona de ropas cocina baño esta ubicado en el 12 de octubre calle 100 con cra 78 buena zona para trasporte a toda la ciudad ,https://bello.olx.com.co/arriendo-habitacion-iid-1060897021,NO,"https://www.google.com/maps/place/6.300000190734863,-75.5790023803711"
19 Sep,19 Ago,karla b,3173503138,None,Casa,NO,Dueño Directo,Abajo,Bello Antioquia,200000000,3,87,3,2,No,Entre 10 y 20 años,Venta de Casa en Bello por Elparque,es en un segundo piso una cuadra abajo del parque de bello son dos casa en una hay dos   cocinas dos baños etc tiene balcón es en cerámica  tiene red de gas  es en obra blanca es muy bonita la casa escribir o llamar quién de verdad la quiera comprar teléfono 3173503138 ,https://bello.olx.com.co/venta-de-casa-en-bello-por-elparque-iid-1060560265,NO,"https://www.google.com/maps/place/6.336999893188477,-75.55999755859375"
19 Sep,19 Ago,androic29859,3012820822,3012820822,Habitación,NO,Dueño Directo,Colombia,Bello Antioquia,250000,2,9,1,1,No,Entre 5 y 10 años,Alquiler de habitación en Robledo,Habitación Robledo bello horizonte en apartamento compartido ambiente tranquilo a persona colombiana aseada y respetuosa Info  whats 3012820822 ,https://bello.olx.com.co/alquiler-de-habitacion-en-robledo-iid-1060542898,NO,"https://www.google.com/maps/place/6.300000190734863,-75.56199645996094"
19 Sep,18 Ago,laura v,3196568250,3196568250,Habitación,NO,Dueño Directo,,Bello Antioquia,320000,3,60,1,1,No,Hasta 5 años,Habitacion Unidad Cerrada,alquilo habitacion para mujer sola libre de servicios unidad cerrada mas informacion wpp 3196568250 ,https://bello.olx.com.co/habitacion-unidad-cerrada-iid-1060498603,NO,"https://www.google.com/maps/place/6.340354919433594,-75.55662062026146"
19 Sep,18 Ago,roger h,3043547036,None,Habitación,NO,Dueño Directo,Castilla,Bello Antioquia,250000,2,5,1,1,None,Entre 10 y 20 años,Arriendo Habitacion sin Amoblar,se arrienda habitacio barrio castilla sin amoblar servicios internet ,https://bello.olx.com.co/arriendo-habitacion-sin-amoblar-iid-1060497876,NO,"https://www.google.com/maps/place/6.298999786376953,-75.57599639892578"
19 Sep,17 Ago,Jhon j O,3022033637,3022033637,None,SI,Dueño Directo,,Bello Antioquia,300000,3,8,3,1,Si,Hasta 5 años,Arriendo Avitaciones,Arriendo dos avitaciones en bello  amobladas o sin amoblar persona k estudie o trabaje con referencias 3022033637 ,https://bello.olx.com.co/arriendo-avitaciones-iid-1060451358,NO,"https://www.google.com/maps/place/6.311502933502197,-75.56126403808594"
19 Sep,17 Ago,Andrea B,3148000426,3148000426,Apartamento,NO,Dueño Directo,Buenos Aires,Bello Antioquia,550000,2,52,2,1,No,Hasta 5 años,Se Arrienda Apartamento en Bello 3er Pis,apartamento en buen estado dos habitacionesbañosala comedor cocina zona de ropa ubicado en buenos aires bello valor 550000 contacto 3148000426 ,https://bello.olx.com.co/se-arrienda-apartamento-en-bello-3er-pis-iid-1060406323,NO,"https://www.google.com/maps/place/6.3420000076293945,-75.56600189208984"
19 Sep,16 Ago,Laura Isabel A,3046404005,3046404005,Casa,NO,Dueño Directo,,Bello Antioquia,750000,3,70,3,1,Si,Hasta 5 años,SE ARRIENDA CASA,se arrienda Casa en la Urbanización el Mirador bello segunda etapa Barrio tranquilo y seguro servicios públicos incluidos tiene  buen acceso a los medios de transporte publico  Pareja con carta laboral indispensable Sin mascotas Valor de arriendo 750000 independiente en obra blanca personas con sana convivencia serias responsables y honestas informes tel Fijo 596 26 17 Celular 304 640 40 05 whatsap ,https://bello.olx.com.co/se-arrienda-casa-iid-1060344338,NO,"https://www.google.com/maps/place/6.3470001220703125,-75.55899810791016"
19 Sep,15 Ago,Diana C,3192400177,3007388443,Apartaestudio,NO,Dueño Directo,Abajo,Bello Antioquia,330000,1,44,1,1,No,Entre 10 y 20 años,Arriendo Apartaestudio 330000,Apartaestudio cuenta con cocina sala una habitación baño y zona de ropas Informes  al 4832984 3192400177 y 3007388443 Ubicado en Niquia Camacol por la frontera abajo de de la Iglesia Divino Salvador ,https://bello.olx.com.co/arriendo-apartaestudio-330-000-iid-1060287955,NO,"https://www.google.com/maps/place/6.34,-75.561"
19 Sep,15 Ago,Juan A,3138217368,None,Apartamento,NO,Dueño Directo,,Bello Antioquia,900000,4,69,3,2,Si,Hasta 5 años,Arriendo de Apartamento piso 17 Poblado Niquia,Se arrienda apartamento en el piso 17 de 69 m2 De estrato 4 cuenta con cocina abierta semintegrada zona de ropa piso en porcelanato cuenta con estufa de gas calentador de agua extractor Cuenta con 3 alcobas con amplio balcón como un gran parque ecológico donde puedes escapar de la rutina todos los días tiene piscina para niños y adultos salón comunal gimnasio la torre cuenta con tres ascensores Ubicado cerca al pedaje de Copacabana Incluye parqueadero propio 605 vigilancia 24 horas al día Cuenta con su propio parqueadero ,https://bello.olx.com.co/arriendo-de-apartamento-piso-17-poblado-niquia-iid-1060278930,NO,"https://www.google.com/maps/place/6.307000160217285,-75.56400299072266"
19 Sep,15 Ago,María alejandra e,3136720336,None,Habitación,NO,Dueño Directo,Rosa,Bello Antioquia,300000,3,25,1,1,No,Entre 10 y 20 años,Se Arrienda Habitación,Se arrienda habitación en Bello en zona rosa del barrio obrero  Ambiente no familiar se pueden visita puede cocinar  Sector con buen servicio de transporte público En el costo está incluído gastos de servicios públicos y Wi Fi tel 3136720336 ,https://bello.olx.com.co/se-arrienda-habitacion-iid-1060260643,NO,"https://www.google.com/maps/place/6.188202857971191,-75.59723663330078"
19 Sep,15 Ago,Sofía  o,3022299921,3022299921,Apartamento,NO,Dueño Directo,,Bello Antioquia,900000,3,72,2,3,Si,Hasta 5 años,Arriendo Apto en Plaza Navarra,ACABADOS COMPLETOS VISTA PANORÁMICA PISO 19 INFO 4999140 O WTS 3022299921 ,https://bello.olx.com.co/arriendo-apto-en-plaza-navarra-iid-1060243778,NO,"https://www.google.com/maps/place/6.337,-75.56"
19 Sep,15 Ago,Gabriel  L,3227030105,3215791164,None,NO,Dueño Directo,,Bello Antioquia,650000,2,84,3,2,No,Entre 10 y 20 años,Arriendo,segundo piso a dos cuadras de la bomba bellanita una de las habitaciones con baño el transporte del metro pasa por frente de la casa 3 habitación posibilidad para 4 dos habitaciones con armarios amplios zona de ropa cocina amplia cuenta con los tres servicios EPM whatsapp 3227030105 y 3215791164 ,https://bello.olx.com.co/arriendo-iid-1060238465,NO,"https://www.google.com/maps/place/6.337,-75.56"
19 Sep,14 Ago,aryve,3022877089,None,Apartamento,NO,Dueño Directo,,Bello Antioquia,76000000,3,35,2,1,None,En construcción,Vendo apartamento en Bello Tierra Linda campestre con excelente precio,Vendo apartamento en conjunto residencial Tierra Linda Campestre con excelente precio por metro cuadrado Ubicado en Bello a 900 metros de la estación Madera sobre la vía Machado y 700 metros aproximadamente del futuro puente de la estación Bello Cerca al parque recreativo Tulio Ospina  Estrato 3  3566 mt2 Incluye  1 habitación con posibilidad de ampliación a 2  Vestier  1 baño  Sala Comedor  Cocina  Zona de ropas  Es en obra gris para estrenar en agosto ,https://bello.olx.com.co/vendo-apartamento-en-bello-tierra-linda-campestre-con-excelente-precio-iid-1038531120,NO,"https://www.google.com/maps/place/6.322999954223633,-75.54900360107422"
