Fecha Adquisición,Fecha,Nombre Vendedor,Telefono1,Telefono2,Tipo Inmueble,Amoblado,Tipo Vendededor,Barrio,Ubicación,Precio,Estrato,Metros Cuadrados,Habitaciones,Baños,Parqueadero,Antiguedad,Publicación,Descripción,Link,Pauta,Dirección
19 Sep,30 Ago,Bienes y Activos,3227072u,None,Apartamento,NO,None,,Sabaneta Antioquia,1800000,5,111,2,2,None,Hasta 5 años,Se renta Apartamento  Sabaneta  Aves maria  wasi1495239,Hermoso apartamento con espacios amplios y excelente iluminación dispone de buenas comodidades para disfrutas de una gran estadía se encuentra distribuido en cocina integral dos alcobas dos baños y zona de ropas el conjunto residencial es completo con seguridad 24 horasUbicado cerca a zona comercial con fáciles vías de acceso ,https://sabaneta.olx.com.co/se-renta-apartamento-sabaneta-aves-maria-wasi-1495239-iid-1061542740,SI,
19 Sep,21 Ago,arrendamientosjg,3013161953,None,Apartamento,NO,Inmobiliaria,,Sabaneta Antioquia,1700000,4,75,2,2,Si,A estrenar,ARRIENDA APARTAMENTO EN SABANETA,Hermoso apartamento para arrendar en sabaneta por aves marías con una excelente vista y confort para estrenar con comodidad de dos habitaciones dos closets vestier dos baños calentador cuarto útil opcional cocina con horno y extractor sala comedor parque infantil pendiente de habilitar piscina sauna turco parqueadero ,https://sabaneta.olx.com.co/arrienda-apartamento-en-sabaneta-iid-1060780746,SI,
19 Sep,30 Ago,Bienes y Activos,3227072u,None,Apartamento,NO,None,,Sabaneta Antioquia,1700000,3,90,3,2,None,Hasta 5 años,Se renta apartamento en Sabaneta Aliadas del sur  wasi1496772,Amplia Casa dispone de buena distribución y cuenta con las comodidades de sala comedor cocina integral tres habitaciones dos baños closet y balcón que le proporciona buena iluminación a la propiedadUbicado cerca a zona comercial con fáciles vías de acceso ,https://sabaneta.olx.com.co/se-renta-apartamento-en-sabaneta-aliadas-del-sur-wasi-1496772-iid-1061542988,SI,
19 Sep,22 Ago,arrendamientosjg,3059109727,None,Apartamento,NO,Inmobiliaria,,Sabaneta Antioquia,1100000,3,68,2,2,No,En construcción,APARTAMENTO EN ARRIENDO EN SABANETA CERCA AL PARQUE,APARTAMENTO EN EXCELENTE UBICACION CERCA AL PARQUE DE SABANETA DUPLEX DOS HABITACIONES AMPLIAS CON CLOSET HABITACION PRINCIPAL CON BALCON Y BAÑO CABINADO SALA COMEDOR COCINA SEMI INTEGRAL ZONA DE ROPAS CON CALENTADOR BAÑO SOCIAL Y BALCON CON VISTA HACIA SABANETA ,https://sabaneta.olx.com.co/apartamento-en-arriendo-en-sabaneta-cerca-al-parque-iid-1060877187,SI,
19 Sep,19 Sep,NUEVO HABITAT,3023025563,None,Apartamento,NO,None,Centro,Sabaneta Antioquia,1000000,3,66,2,2,None,Entre 5 y 10 años,Apartamento en Arriendo Ubicado en SABANETA,Codigo Inmueble 8211 Apartamento  ubicado en un sector de alta valorización cerca a la estación del metro la avenida regional y la avenida las vegas cerca al parque de Sabaneta centro comercial mayorcauniversidad CES Sala comedor amplia cocina integral dos alcobas dos closet un estudiodos baños cabinados en vidrio templado balcón zona de ropa piso en cerámica ,https://sabaneta.olx.com.co/apartamento-en-arriendo-ubicado-en-sabaneta-iid-1060392974,NO,
19 Sep,19 Sep,NUEVO HABITAT,3023025563,None,Apartamento,NO,None,,Sabaneta Antioquia,1200000,4,57,3,2,None,Entre 5 y 10 años,Apartamento en Arriendo Ubicado en SABANETA,Codigo Inmueble 8243 Apartamento con hermosa vista y luz natural acceso a ruta alimentadora Circular Aves Maria excelente vista colegios y supermercados cerca Cocina integral sala comedor tres alcobas dos closet un vestier dos baños cabinados con vidrio templado piso en cerámica balcón zona de ropas parqueadero cuarto útil piscina juegos infantiles salón social ,https://sabaneta.olx.com.co/apartamento-en-arriendo-ubicado-en-sabaneta-iid-1061443221,NO,
19 Sep,19 Sep,Bienes y Activos,3227072u,None,Apartamento,NO,None,,Sabaneta Antioquia,2750000,4,130,3,3,None,Hasta 5 años,Alquiler de Apartamento en Sabaneta San Jose  wasi1389759,Amplio apartamento con muy buenos acabados cuenta con sala comedor cocina integral tres habitaciones dos de ellas con vestier y una con closet tres baños entre otras comodidades el conjunto residencial dispone de parqueadero ascensor piscinas gimnasio juegos infantiles salón social y porterías las 24 horasApartamento ubicado en zona residencial con fácil acceso cerca de la Fundación Universitaria San Martin ,https://sabaneta.olx.com.co/alquiler-de-apartamento-en-sabaneta-san-jose-wasi-1389759-iid-1058581944,NO,
19 Sep,19 Sep,Bienes y Activos,3227072u,None,Apartamento,NO,None,,Sabaneta Antioquia,2200000,4,100,3,2,None,Entre 5 y 10 años,Alquiler de Apartamento en Sabaneta   wasi1365053,Apartamento amplio con buenos acabados y buena distribución cuenta con las comodidades de sala comedor cocina integral tres habitaciones con closet cada una dos baños además la propiedad dispone de buena iluminación El conjunto residencial es completo con portería las 24 horasApartamento ubicado en sector residencial con fácil acceso ,https://sabaneta.olx.com.co/alquiler-de-apartamento-en-sabaneta-wasi-1365053-iid-1057478189,NO,
19 Sep,19 Sep,Bienes y Activos,3227072u,None,Apartamento,NO,None,,Sabaneta Antioquia,2200000,4,102,3,2,None,Entre 5 y 10 años,Arriendo de Apartamento en Sabaneta  wasi1365057,Apartamento con buena distribución y excelentes comodidades sala comedor cocina integral tres habitaciones con closet cada una dos baños además la propiedad dispone de buena iluminación El conjunto residencial es completo con portería las 24 horasApartamento ubicado zonaresidencial con fácil acceso ,https://sabaneta.olx.com.co/arriendo-de-apartamento-en-sabaneta-wasi-1365057-iid-1057477359,NO,
19 Sep,19 Sep,Bienes y Activos,3227072u,None,Apartamento,NO,None,,Sabaneta Antioquia,2200000,4,97,3,2,None,Hasta 5 años,Renta de Apartamento en Sabaneta  wasi1277260,Hermoso apartamento con espacios amplios e iluminados cuenta con buenos acabados su cocina es integral con barra estilo americana tres habitaciones dos baños balcón con buena vista el conjunto residencial dispone de parqueadero cuarto útil piscina juegos infantiles y salón social también cuenta con seguridad 24 horasPropiedad ubicada en sabaneta con fáciles vías de acceso ,https://sabaneta.olx.com.co/renta-de-apartamento-en-sabaneta-wasi-1277260-iid-1053098965,NO,
19 Sep,19 Sep,Bienes y Activos,3227072u,None,Apartamento,NO,None,Centro,Sabaneta Antioquia,2200000,4,100,3,2,None,Hasta 5 años,Arrendamiento Apartamento  en Sabaneta  wasi1180409,Apartamento en Arriendo Sector Aves Maria de 3 Alcobas baños closets vestier Parqueadero cuarto útil Área 100 m2 Piscina sauna turco gimnasio salón social juegos infantiles portería 24 horas CCTVUn lugar residencial y tranquilo con excelentes vías de acceso Cercano a colegios universidades hospitales iglesias supermercados centros comerciales unidades deportivas y almacenes de grandes superficies estaciones del metro o integrados entre otros ,https://sabaneta.olx.com.co/arrendamiento-apartamento-en-sabaneta-wasi-1180409-iid-1051004898,NO,
19 Sep,19 Sep,Bienes y Activos,3227072u,None,Apartamento,NO,None,Moderno,Sabaneta Antioquia,2100000,4,98,3,3,None,Hasta 5 años,Renta de Apartamento en Sabaneta   wasi1295331,Apartamento con acabados modernos y buena iluminación dispone de excelente vista cuenta con cocina integral sala comedor tres alcobas la principal con vestier y baño privado entre otras comodidades que hacen de esta propiedad un lugar ideal para vivirPropiedad ubicada en zona residencial con cercanía a la Institución Universitaria CEIPA y a restaurantes ,https://sabaneta.olx.com.co/renta-de-apartamento-en-sabaneta-wasi-1295331-iid-1058851671,NO,
19 Sep,19 Sep,Bienes y Activos,3227072u,None,Apartamento,NO,None,,Sabaneta Antioquia,1850000,4,121,3,2,None,Hasta 5 años,Arriendo de Apartamento Duplex en Sabaneta   wasi1382982,Apartamento amplio con buena iluminación y buenos acabados cuenta con un área de 121 metros cuadrados distribuidos en tres alcobas dos baños cocina integral entre otras comodidades el conjunto residencial es completo con seguridad 24 horasPropiedad ubicada cerca al parque de sabaneta con diferentes rutas de acceso y buen servicio de transporte público ,https://sabaneta.olx.com.co/arriendo-de-apartamento-duplex-en-sabaneta-wasi-1382982-iid-1058326548,NO,
19 Sep,19 Sep,Bienes y Activos,3227072u,,Apartamento,NO,None,,Sabaneta Antioquia,1800000,4,76,3,2,None,Hasta 5 años,Alquiler de Apartamento en Sabaneta  wasi1380206,Apartamento de 76 m² con excelente distribución y cuenta con la comodidad de sala comedor cocina integral tres habitaciones dos baños closet y balcón que le proporciona buena iluminación a la propiedadPropiedad ubicada en el sector de Aldea Verde cerca  del Hospital de Sabaneta con buen flujo vehicular ,https://sabaneta.olx.com.co/alquiler-de-apartamento-en-sabaneta-wasi-1380206-iid-1058326339,NO,
19 Sep,19 Sep,Bienes y Activos,3227072u,None,Apartamento,NO,None,,Sabaneta Antioquia,1600000,4,92,2,2,None,Hasta 5 años,Arriendo de Apartamento en Sabaneta  wasi1389743,Apartamento amplio distribuido en salacomedor cocina integral 2 alcobas 2 baños  entre otras comodidades ubicado en unidad completa Ubicado en zona con buen servicio de trasporte público y fáciles vías de acceso cuenta con cercanía a Instituciones Educativas ,https://sabaneta.olx.com.co/arriendo-de-apartamento-en-sabaneta-wasi-1389743-iid-1058582362,NO,
19 Sep,19 Sep,Bienes y Activos,3227072u,None,Apartamento,NO,None,,Sabaneta Antioquia,1600000,4,97,2,3,None,Hasta 5 años,Arriendo de Apartamento en Sabaneta  wasi1389667,Apartamento de dos alcobas cada una con closet tres baños balcón cocina integral la propiedad cuenta con bonitos acabados y ambiente fresco La unidad es completa con portería 24 horasUbicado cerca a zona comercial con fáciles vías de acceso ,https://sabaneta.olx.com.co/arriendo-de-apartamento-en-sabaneta-wasi-1389667-iid-1058582354,NO,
19 Sep,19 Sep,Bienes y Activos,3227072u,None,Apartamento,NO,None,,Sabaneta Antioquia,1600000,4,84,3,2,None,Hasta 5 años,Arriendo de Apartamento en Sabaneta  wasi1389721,Apartamento de tres alcobas cada una con closet dos baños balcón cocina integral la propiedad cuenta con bonitos acabados y ambiente fresco La unidad es completa con portería 24 horasPropiedad ubicada en el sector de cañaveral con fáciles vías de acceso ,https://sabaneta.olx.com.co/arriendo-de-apartamento-en-sabaneta-wasi-1389721-iid-1058581873,NO,
19 Sep,19 Sep,Bienes y Activos,3227072u,None,Apartamento,NO,None,Centro,Sabaneta Antioquia,1600000,4,84,3,2,None,Hasta 5 años,Arriendo de Apartamento en Sabaneta  wasi1380144,Propiedad cómoda con espacios amplios cuenta con cocina integral sala comedor tres alcobas con su respectivo closet dos baños la unidad dispone de parqueadero ascensor gimnasio juegos infantiles salón social y seguridad 24 horasUbicado en Sabaneta vía a La Doctora se beneficia de la cercanía a la mejor zona comercial del Municipio como el Centro Comercial Aves María y Almacenes ÉXITO además de las instituciones educativas del sector y rutas de transporte público ,https://sabaneta.olx.com.co/arriendo-de-apartamento-en-sabaneta-wasi-1380144-iid-1058326260,NO,
19 Sep,19 Sep,Bienes y Activos,3227072u,None,Apartamento,NO,None,,Sabaneta Antioquia,1550000,4,76,3,2,None,Hasta 5 años,Arriendo de Apartamento en Sabaneta   wasi1380769,Apartamento amplio distribuido sala comedor cocina integral tres habitaciones dos baños closet y balcón que le proporciona buena iluminación a la propiedadPropiedad ubicada en el sector de Asdesillas cerca al colegio consejo de Sabaneta con buen flujo vehicular ,https://sabaneta.olx.com.co/arriendo-de-apartamento-en-sabaneta-wasi-1380769-iid-1058326225,NO,
19 Sep,19 Sep,Bienes y Activos,3227072u,None,Apartamento,NO,None,,Sabaneta Antioquia,1500000,4,74,3,2,None,Hasta 5 años,Alquiler de Apartamento en Sabaneta  wasi1382469,Cómodo apartamento con buenos acabados y buena iluminación cuenta con tres alcobas dos baños cocina integral entre otras comodidades la unidad es completa con seguridad 24 horasUbicado en zona residencial con fáciles vías de acceso ,https://sabaneta.olx.com.co/alquiler-de-apartamento-en-sabaneta-wasi-1382469-iid-1058326022,NO,
19 Sep,19 Sep,Bienes y Activos,3227072u,None,Apartamento,NO,None,Centro,Sabaneta Antioquia,1500000,4,68,3,2,None,Hasta 5 años,Apartamento en arriendo en San José Sabaneta  wasi1138815,Apartamento en arriendo  en San José en Sabaneta de 3 habitaciones 2 baños 3 closets  balcón  1 Parqueadero  1 cuarto útil    Área 68 m2 Piscina sauna turco gimnasio   juegos infantiles cancha múltiple sendero ecológico   portería 24 horas CCTVUn lugar residencial y tranquilo con excelentes vías de acceso Cercano a colegios universidades hospitales iglesias supermercados centros comerciales unidades deportivas y almacenes de grandes superficies estaciones del metro o integrados entre otros ,https://sabaneta.olx.com.co/apartamento-en-arriendo-en-san-jose-sabaneta-wasi-1138815-iid-1051004925,NO,
19 Sep,19 Sep,Bienes y Activos,3227072u,None,Apartamento,NO,None,,Sabaneta Antioquia,1350000,4,67,2,2,None,Hasta 5 años,Renta de Apartamento en Sabaneta  wasi1382039,Apartamento  con ambiente agradable cuenta con dos habitaciones dos baños  dos vestier cocina integral y zona de ropasPropiedad con excelente ubicación cerca al Euro al Mall Vegas Plaza a la Iglesia Nuestra Señora de Los Dolores la zona cuenta con buen servicio de transporte público ,https://sabaneta.olx.com.co/renta-de-apartamento-en-sabaneta-wasi-1382039-iid-1058326224,NO,
19 Sep,19 Sep,Bienes y Activos,3227072u,None,Apartamento,NO,None,Centro,Sabaneta Antioquia,1300000,3,62,3,2,None,Hasta 5 años,Alquiler de Apartamento en Sabaneta  wasi1380862,Apartamento cómodo e iluminado de tres alcobas dos baños cocina integral entre otras comodidades el edificio dispone de ascensorPropiedad con excelente ubicación a solo unas cuadras del parque principal de sabaneta y del centro comercial Aves María la zona cuenta con buen flujo vehicular y diferentes rutas de transporte público ,https://sabaneta.olx.com.co/alquiler-de-apartamento-en-sabaneta-wasi-1380862-iid-1058325662,NO,
19 Sep,19 Sep,Bienes y Activos,3227072u,None,Apartamento,NO,None,San Jos,Sabaneta Antioquia,1150000,4,40,1,1,None,Hasta 5 años,Arriendo de Apartamento en Sabaneta  wasi1389841,Cómodo apartaestudio con buenos acabados y buena iluminación posee 1 alcobas con 1 closet 1 baños unidad completaUbicado en la loma San Jose con fáciles vías de acceso ,https://sabaneta.olx.com.co/arriendo-de-apartamento-en-sabaneta-wasi-1389841-iid-1058581943,NO,
19 Sep,19 Sep,Augusto,3108213267,None,None,SI,Dueño Directo,Moderno,Sabaneta Antioquia,199000,5,78,3,2,Si,Hasta 5 años,ARRIENDO POR DIAS AMOBLADO EN SABANETA MEDELLIN   NUEVO Y LUJOSO  6 PERSONAS 3 ALCOBAS 2 BAÑOS GARAJE PISCINA,Arriendo apartamento en sabaneta Medellin sector aves maria  lujoso nuevo y moderno con la mejor y expectacular vista  3 alcobas 2 baños garaje piscina  gimnasio  wifi  2 tv etc  precio   199000 dia  aseo  50000 por temporada informes 3108213267 of 4124740 Medellin ,https://sabaneta.olx.com.co/arriendo-por-dias-amoblado-en-sabaneta-medellin-nuevo-y-lujoso-6-personas-3-alcobas-2-banos-garaje-piscina-iid-1048659707,NO,"https://www.google.com/maps/place/6.1479997634887695,-75.61599731445312"
19 Sep,24 Ago,NUEVO HABITAT,3023025563,None,Apartamento,NO,None,,Sabaneta Antioquia,1150000,2,58,3,2,None,Entre 5 y 10 años,Apartamento en Arriendo Ubicado en SABANETA,Codigo Inmueble 8238 Apartamento con hermosa vista y luz natural Sala comedor cocina integral tres alcobas tres closet dos banos cabinados en vidrio templado balcón piso en ceramica zona de ropa parqueadero ,https://sabaneta.olx.com.co/apartamento-en-arriendo-ubicado-en-sabaneta-iid-1061007991,SI,
19 Sep,19 Sep,arrendamientosjg,3013161953,None,Apartamento,NO,Inmobiliaria,,Sabaneta Antioquia,1550000,3,80,3,1,No,A estrenar,SE ARRIENDA APARTAMENTO  EN SABANETA,Se arrienda apartamento ubicado en sabaneta con comodidad de tres alcobas tres closets vestier un baño sala comedor cocina horno extractor zona de ropa balcon ,https://sabaneta.olx.com.co/se-arrienda-apartamento-en-sabaneta-iid-1060933460,NO,
19 Sep,19 Sep,Bienes y Activos,3227072u,None,Apartamento,NO,None,,Sabaneta Antioquia,1400000,4,65,3,2,None,Hasta 5 años,Arriendo de Apartamento en Sabaneta Mayorca  wasi1477000,Apartamento de tres alcobas cada una con closet dos baños cocina integral la propiedad cuenta con bonitos acabados y ambiente frescoPropiedad ubicada en el sector de Mayorca cerca de restaurantes y supermercados ,https://sabaneta.olx.com.co/arriendo-de-apartamento-en-sabaneta-mayorca-wasi-1477000-iid-1061251717,NO,
19 Sep,19 Sep,Bienes y Activos,3227072u,None,Apartamento,NO,None,Prado,Sabaneta Antioquia,1300000,4,60,2,2,None,Hasta 5 años,Renta Apartamento en Sabaneta Prados de Sabaneta  wasi1477965,Apartamento de dos alcobas cada una con closet dos baños balcón cocina integral la propiedad cuenta con bonitos acabados y ambiente fresco La unidad es completa con portería 24 horasPropiedad ubicada en Sabaneta en el sector Prados de Sabaneta en zona residencial y tranquila con fácil acceso ,https://sabaneta.olx.com.co/renta-apartamento-en-sabaneta-prados-de-sabaneta-wasi-1477965-iid-1061251585,NO,
19 Sep,19 Sep,IDEAS Y BIENES SOLUCIONES INMOBILIARIAS SAS,3103512936,None,Apartamento,NO,Inmobiliaria,,Sabaneta Antioquia,2800000,5,74,3,2,Si,Hasta 5 años,Apartamento En Arriendo Sabaneta Sector Asdesillas Código  857970,74 M2 distribuidos en 3 alcobas 3 closet 2 baños cabinados en vidrio templado salón comedor estudio balcón con BBQ a gas cocina integral abierta con barra americana mesón en quartzone zona de ropas red de gas piso en porcelanato en la zona social y madera laminada en alcobas parqueadero cubierto  Unidad cerrada con portería las 24 horas circuito de tv ascensor shut de basuras zonas verdes salón social juegos infantiles placa deportiva gimnasio piscina  Ubicada cerca de supermercados buenas vías de acceso zona tranquila ,https://sabaneta.olx.com.co/apartamento-en-arriendo-sabaneta-sector-asdesillas-codigo-857970-iid-1061269095,NO,
19 Sep,19 Sep,arrendamientosjg,3013161953,None,Apartamento,NO,Inmobiliaria,,Sabaneta Antioquia,1300000,4,70,3,2,Si,A estrenar,APARTAMENTO EN ARRIENDO CERCA AL PARQUE DE SABANETA,Hermoso apartamento de 3 habitaciones  2 baños  sala cocina  horno balcon  calentador zona humedas  cuarto util parqueadero ,https://sabaneta.olx.com.co/apartamento-en-arriendo-cerca-al-parque-de-sabaneta-iid-1060929852,NO,
19 Sep,19 Sep,Experiencia inmobiliaria,3104296111,None,Apartamento,NO,Inmobiliaria,Centro,Sabaneta Antioquia,1300000,4,60,2,2,Si,Hasta 5 años,SE ARRIENDA APARTAMENTO EN SABANETA CERCA A AVES MARIA,Apartamento en sabaneta  de 60 metros 2 alcobas 2 baños cabinados  2 closet cocina integral yparqueadero cubierto   la unidad cuenta con piscina sauna Turco gimnasio portería las 24 horas   excelentes vías de acceso transporte público cerca al centro comercial aves marías estrato 4 ,https://sabaneta.olx.com.co/se-arrienda-apartamento-en-sabaneta-cerca-a-aves-maria-iid-1060929132,NO,
19 Sep,19 Sep,Experiencia inmobiliaria,3104296111,None,Apartamento,NO,Inmobiliaria,,Sabaneta Antioquia,1350000,4,68,3,2,Si,A estrenar,SE ARRIENDA APARTAMENTO EN SABANETA CERCA A AVES MARIA,Apartamento de 68 metros 3 alcobas dos baños vestier en la en el baño de la alcoba principal Dos closet en las secundarias cocina integral con horno balcón parqueadero y cuarto útil   La unidad cuenta con jacuzzi gimnasio juegos infantiles vigilancia las 24 horas excelente rutas de acceso y transporte público cerca al metro estación estrella a la avenida Las Vegas ,https://sabaneta.olx.com.co/se-arrienda-apartamento-en-sabaneta-cerca-a-aves-maria-iid-1060926211,NO,
19 Sep,19 Sep,IDEAS Y BIENES SOLUCIONES INMOBILIARIAS SAS,3103512936,None,Apartamento,NO,Inmobiliaria,,Sabaneta Antioquia,2500000,4,108,4,3,Si,A estrenar,Apartamento En Arriendo Envigado Sector Pan De Azucar Código 776522,108 M2 distribuidos en 4 alcobas 3 closet 1 vestier salón comedor balcón 3 baños cabinados en vidrio templado cocina integral abierta mesón en quarztone piso en porcelanato zona de ropa red de gas parqueadero doble lineal cuarto útil  Unidad cerrada con portería las 24 horas circuito cerrado de tv citofono shut de basuras ascensor zonas verdes juegos infantiles gimnasio placa deportiva salón social piscina sauna turco jacuzzi parqueadero visitantes  Ubicada cerca a todo buenas vías de acceso sector tranquilo ,https://sabaneta.olx.com.co/apartamento-en-arriendo-envigado-sector-pan-de-azucar-codigo-776522-iid-1043860201,NO,
19 Sep,19 Sep,Bienes y Activos,3227072u,None,Apartamento,NO,None,Moderno,Sabaneta Antioquia,2900000,5,85,3,4,None,Hasta 5 años,Arriendo de Apartamento en Sabaneta San Jose   wasi1502106,Apartamento con acabados modernos y buena iluminación dispone de excelente vista cuenta con cocina integral sala comedor tres alcobas la principal con vestier y baño privado entre otras comodidades que hacen de esta propiedad un lugar ideal para vivirPropiedad ubicada en zona residencial con cercanía a la Institución Universitaria CEIPA y a restaurantes ,https://sabaneta.olx.com.co/arriendo-de-apartamento-en-sabaneta-san-jose-wasi-1502106-iid-1061762053,NO,
19 Sep,19 Sep,SMA Propiedad Raiz,44484824,None,Casa,NO,None,San Jos,Sabaneta Antioquia,3500000,4,350,4,4,None,Entre 5 y 10 años,ARRIENDO DE CASA EN VEREDA SAN JOSE SABANETA  SABANETA 6229018,6229018 Casa en arriendo en sabaneta sector vereda san Jose amplios y cómodos espacios sector seguro y tranquilo excelente ubicación ,https://sabaneta.olx.com.co/arriendo-de-casa-en-vereda-san-jose-sabaneta-sabaneta-622-9018-iid-1053728537,NO,
19 Sep,30 Ago,Bienes y Activos,3227072u,None,Apartamento,NO,None,,Sabaneta Antioquia,1550000,5,73,3,2,None,Hasta 5 años,Se renta apartamento en Sabaneta San Jose  wasi1482197,Apartamento de 73 mts con excelente distribución y cuenta con las comodidades de sala comedor cocina integral tres habitaciones dos baños closet y balcón que le proporciona buena iluminación a la propiedadUbicado cerca a zona comercial con fáciles vías de acceso ,https://sabaneta.olx.com.co/se-renta-apartamento-en-sabaneta-san-jose-wasi-1482197-iid-1061542106,SI,
19 Sep,30 Ago,Bienes y Activos,3227072u,None,Apartamento,NO,None,,Sabaneta Antioquia,1090000,3,55,3,2,None,Hasta 5 años,Se renta apartamento en Sabaneta Palenque  wasi1499518,Hermoso apartamento con decoración moderna y ambiente fresco cuenta con excelentes comodidades y está distribuido en tres habitaciones dos baños cocina integralUbicado a solo 10 minutos de la estacion del metro de Itagui ,https://sabaneta.olx.com.co/se-renta-apartamento-en-sabaneta-palenque-wasi-1499518-iid-1061543147,SI,
19 Sep,30 Ago,Bienes y Activos,3227072u,None,Apartamento,NO,None,,Sabaneta Antioquia,1600000,4,79,3,2,None,Hasta 5 años,Se renta apartamento en Sabaneta Aves Maria  wasi1495341,Propiedad amplia con buenos acabados dispone de buena distribución y de la comodidad de cocina integral sala comedor tres alcobascloset y vestier dos baños y balcón con buena vista la unidad dispone de parqueadero ascensor gimnasio juegos infantiles salón social y seguridad 24 horasUbicado cerca a zona comercial con fáciles vías de acceso ,https://sabaneta.olx.com.co/se-renta-apartamento-en-sabaneta-aves-maria-wasi-1495341-iid-1061541682,SI,
19 Sep,18 Sep,IDEAS Y BIENES SOLUCIONES INMOBILIARIAS SAS,3103512936,None,Apartamento,NO,Inmobiliaria,,Sabaneta Antioquia,2200000,4,65,2,2,Si,Hasta 5 años,Apartamento Amueblado En Arriendo Sabaneta Sector CES Còdigo 861546,65 M2 distribuidos en 2 alcobas 2 closet 2 baños cabinados en vidrio templado salón comedor estudio balcón cocina integral abierta meson en granito zona de ropas red de gas pisos en porcelanato en la zona social y madera laminada en alcobas parqueadero sencillo cuarto útil El inmueble se arrienda por un periodo no minimo a 2 meses  Unidad cerrada con portería las 24 horas circuito cerrado de tv ascensor shut de basuras zonas verdes salón social juegos infantiles placa deportiva gimnasio piscina turco parqueadero de visitantes  Ubicado cerca a supermercados buenas vías de acceso zona tranquila ,https://sabaneta.olx.com.co/apartamento-amueblado-en-arriendo-sabaneta-sector-ces-codigo-861546-iid-1061914095,NO,
19 Sep,18 Sep,survivienda,14489240,None,Apartamento,NO,Inmobiliaria,,Sabaneta Antioquia,1400000,3,90,3,2,Si,Entre 10 y 20 años,COD 1329 SURVIVIENDA ARRIENDA APARTAMENTO EN SABANETA,Codigo 1329  Arrendamientos survivienda arrienda apartamento en sabaneta sector el ces cuenta con un area aproximada de 90mts distrinuidos en salacomedor cocina integral mixta con horno 3 alcobas 2 closet 1 vestier 2 baños cabinados zona de ropas balcon Red de gas Calentador Piso en ceramica   Unidad cerrada con porteria 24 horas Parqueadero cubierto cuarto util piscina zonas verdes juegos infantiles gimnasio salon social  ascensor   WWW SURVIVIENDA COM PBX 4489240 CODIGO 1329 ,https://sabaneta.olx.com.co/cod-1329-survivienda-arrienda-apartamento-en-sabaneta-iid-1060071057,NO,
19 Sep,18 Sep,arrendamientosjg,3013161953,None,Apartamento,NO,Inmobiliaria,,Sabaneta Antioquia,1700000,3,80,3,2,Si,Hasta 5 años,APARTAMENTO EN ARRIENDO EN SABANETA,se arrienda apartamento con 3  habitaciones 2 salas de baño sala  cocina integral de 80 metros  parqueadero cuarto util  zonas comunes piscina  parque para niños sauna turco ,https://sabaneta.olx.com.co/apartamento-en-arriendo-en-sabaneta-iid-1061373035,NO,
19 Sep,18 Sep,Grupo Avance Inversiones Inmob,3188481725,None,None,NO,Inmobiliaria,Moderno,Sabaneta Antioquia,1700000,4,82,2,2,Si,A estrenar,HERMOSO VISTA HERMOSA TODO HERMOSO PARA ALQUILAR 16 MILLONES,DESCRIPCIÓN  Este apartamento es moderno amplio y tiene las mas espectacular vista garantizada a Medellín pero  garantizada y tiene los mejores acabados tiene pisos en mármol en las zonas comunes con un mesón hermoso y un techo de doble altura tiene dos balcones amplios y ventanales de 3 cuerpos en la sala comedor y el en la habitación principal Otro punto a favorno le da poniente El edificio es moderno con una gimnasio muy bien dotado y una piscina en el techo con una vista espectacular   CARACTERISTICAS  Área total construida de 82 metros  2 cuartos 2 baños 2 balcones parqueadero sencillo amplio cuarto útil zona de ropas vista a la ciudad  ZONA Y UBICACIÓN Este moderno apartamento esta en una zona campestre en sabaneta estratégicamente ubicado a solo minutos del parque principal de sabaneta esta cerca de cafés supermercados colegios transporte está ubicado en una zona donde la gente sale a caminar y hacer ejercicio   COCINA Moderna y bien dotada es amplia y abierta llena de luz con gabinetes en madera maciza mesón en cuarzo con campana central es una cocina para enamorados de las cocinas hermosas   HABITACIONES El cuarto principal tiene un cómodo baño y un amplio vestier la alcoba tiene pisos lamidos y lo mejor de todo es un hermoso balcón con una puerta de tres cuerpos que se abre para donde tu quieras y una vista garantizada a la ciudad la segunda alcoba tiene los pisos laminados y un generoso closet en madera con escritorio   POR QUE ES ESPECIAL Este apartamento es especial para parejas jóvenes para jóvenes profesionales que quieren un apartamento con buen precio amplio con excelentes acabados unidad completa con gym turco sauna y una piscina especial para tomar el sol Fuera de eso está cerca de todo  SAB96 ,https://sabaneta.olx.com.co/hermoso-vista-hermosa-todo-hermoso-para-alquilar-1-6-millones-iid-1058131315,NO,
19 Sep,18 Sep,Bienes y Activos,3227072u,None,Apartamento,NO,None,,Sabaneta Antioquia,1400000,3,72,3,2,None,Hasta 5 años,Se renta apartamento en SabanetaEntreamigos  wasi1469553,Apartamento distribuido en salacomedor cocina integral 3 alcobas 2 baños entre otras comodidades Ubicado en zona con buen servicio de trasporte público y fáciles vías de acceso cuenta con cercanía a Instituciones EducativasUbicado a solo 5 minutos del parque de Sabaneta cerca de restaurantes y supermercados ,https://sabaneta.olx.com.co/se-renta-apartamento-en-sabaneta-entreamigos-wasi-1469553-iid-1061012144,NO,
19 Sep,18 Sep,survivienda,14489240,None,Apartamento,NO,Inmobiliaria,,Sabaneta Antioquia,1500000,4,65,3,2,Si,A estrenar,COD 3155 SURVIVIENDA ARRIENDA APARTAMENTO EN SABANETA,Codigo 3155  Arrendamientos survivienda arrienda apartamento en sabaneta para estrenar cuenta con un area aproximada de 65mts distribuidos en sala comedor cocina integral mixta con horno 3 alcobas con closet cada una 2 baños cabinados zona de ropas balcon Red de gas Calentador Piso porcelanato   Unidad cerrada con porteria 24 horas Parqueadero cubierto Cuarto util Zonas verdes Juegos infantiles Gimnasio Ascensor a piso   WWW SURVIVIENDA COM PBX 4489240 CODIGO 3155 ,https://sabaneta.olx.com.co/cod-3155-survivienda-arrienda-apartamento-en-sabaneta-iid-1060640106,NO,
19 Sep,18 Sep,NUEVO HABITAT,3023025563,None,Apartamento,NO,None,,Sabaneta Antioquia,1550000,4,83,2,2,None,Entre 5 y 10 años,Apartamento en Arriendo Ubicado en SABANETA,Codigo Inmueble 8237 Apartamento en zona campestre y acceso a vías principales Sala comedor cocina integral con horno dos alcobas dos closet balcón zona de ropa con puerta piso en porcelanato parqueadero cuarto útil piscina sauna gimnasio salón social juegos infantiles cancha de SQUASH ,https://sabaneta.olx.com.co/apartamento-en-arriendo-ubicado-en-sabaneta-iid-1061008196,NO,
19 Sep,18 Sep,Bienes y Activos,3227072u,None,Apartamento,NO,None,,Sabaneta Antioquia,1400000,4,76,2,2,None,Hasta 5 años,Arriendo de Apartamento en Sabaneta  San Jose   wasi1496869,Hermoso apartamento con decoración moderna y ambiente fresco cuenta con excelentes comodidades y está distribuido en dos habitaciones dos baños cocina integral y balcónEl apartamento se encuentra ubicado en zona residencial y tranquila ,https://sabaneta.olx.com.co/arriendo-de-apartamento-en-sabaneta-san-jose-wasi-1496869-iid-1061542386,NO,
19 Sep,18 Sep,SMA Propiedad Raiz,44484824,None,Casa,NO,None,,Sabaneta Antioquia,4400000,4,216,2,3,None,Entre 5 y 10 años,ARRIENDO DE CASA EN LA ALDEA LA ESTRELLA  LA ESTRELLA 62212136,62212136 Apartamento en arriendo ubicado en la estrella  sector la aldea cerca a autopista sur ese hospital la estrella colombo francés excelente ubicación y ambiente campestre ,https://sabaneta.olx.com.co/arriendo-de-casa-en-la-aldea-la-estrella-la-estrella-622-12136-iid-1062142999,NO,
19 Sep,18 Sep,SMA Propiedad Raiz,44484824,None,Apartamento,NO,None,,Sabaneta Antioquia,2500000,4,110,3,3,None,Hasta 5 años,ARRIENDO DE APARTAMENTO EN SAN REMO SABANETA  SABANETA 6229779,6229779 APARTAMENTO EN ARRIENDO  EN SABANETA SECTOR SAN REMO ,https://sabaneta.olx.com.co/arriendo-de-apartamento-en-san-remo-sabaneta-sabaneta-622-9779-iid-1053731081,NO,
19 Sep,18 Sep,Bienes y Activos,3227072u,,Apartamento,NO,None,,Sabaneta Antioquia,1700000,4,80,3,2,None,Hasta 5 años,Se renta apartamento en Sabaneta Aldea verde  wasi1496477,Apartamento de 80 m² con excelente distribución y cuenta con la comodidad de sala comedor cocina integral tres habitaciones dos baños closet y balcón que le proporciona buena iluminación a la propiedadPropiedad ubicada en el sector de Aldea Verde cerca del Hospital de Sabaneta con buen flujo vehicular ,https://sabaneta.olx.com.co/se-renta-apartamento-en-sabaneta-aldea-verde-wasi-1496477-iid-1061543149,NO,
19 Sep,18 Sep,Bienes y Activos,3227072u,None,Apartamento,NO,None,,Sabaneta Antioquia,1100000,4,55,2,2,None,Hasta 5 años,Arriendo de Apartamento en la Estrella san Agustín  wasi1496388,Apartamento de dos alcobas cada una con closet dos baños balcón cocina integra la propiedad cuenta con bonitos acabados y ambiente fresco La unidad es completa con portería 24 horasPropiedad ubicada en zona residencial con fácil acceso ,https://sabaneta.olx.com.co/arriendo-de-apartamento-en-la-estrella-san-agustin-wasi-1496388-iid-1061543333,NO,
19 Sep,18 Sep,Bienes y Activos,3227072u,None,Apartamento,NO,None,,Sabaneta Antioquia,1400000,4,67,3,2,None,Hasta 5 años,Arriendo de Apartamento en Sabaneta  San Jose   wasi1496348,Cómodo apartamento con excelente iluminación y se encuentra distribuido en salacomedor cocina integral zona de ropas tres alcobas dos de ellas con closet y la principal con vestier y baño privado el conjunto residencial cuenta con los servicios de parqueadero piscinas salón social seguridad 24 horas entre otras comodidadesEl apartamento se encuentra ubicado en zona residencial cerca de la Institución Universitaria CEIPA ,https://sabaneta.olx.com.co/arriendo-de-apartamento-en-sabaneta-san-jose-wasi-1496348-iid-1061543382,NO,
19 Sep,18 Sep,Bienes y Activos,3227072u,None,Apartamento,NO,None,Prado,Sabaneta Antioquia,1400000,5,70,2,2,None,Hasta 5 años,Renta Apartamento en Sabaneta Prados de Sabaneta  wasi1495310,Hermoso apartamento con dos alcobas con baño sala comedor cocina integral zona de ropas balcón el edificio cuenta con shut de basura parqueadero y portería 24 horasPropiedad ubicada en Sabaneta en el sector de Prados de Sabaneta en zona residencial y tranquila con fácil acceso ,https://sabaneta.olx.com.co/renta-apartamento-en-sabaneta-prados-de-sabaneta-wasi-1495310-iid-1061542598,NO,
19 Sep,18 Sep,Bienes y Activos,3227072u,None,Apartamento,NO,None,,Sabaneta Antioquia,1500000,4,62,2,2,None,Hasta 5 años,Arriendo de Apartamento en Sabaneta Asdecillas  wasi1495219,Apartamento de 62 mts con excelente distribución y cuenta con las comodidades de sala comedor cocina integraldos habitaciones dos baños closet y balcón que le proporciona buena iluminación a la propiedadUbicado cerca a zona comercial con fáciles vías de acceso ,https://sabaneta.olx.com.co/arriendo-de-apartamento-en-sabaneta-asdecillas-wasi-1495219-iid-1061543332,NO,
19 Sep,18 Sep,Bienes y Activos,3227072u,None,Apartamento,NO,None,,Sabaneta Antioquia,1250000,5,60,3,2,None,Hasta 5 años,Se renta apartamento en Sabaneta Entreamigos  wasi1495215,Hermoso apartamento con espacios amplios y excelente iluminación dispone de buenas comodidades para disfrutas de una gran estadía se encuentra distribuido en cocina integral tres alcobas dos baños y zona de ropas el conjunto residencial es completo con seguridad 24 horasPropiedad ubicada en Sabaneta en el sector Entreamigos en zona residencial y tranquila con fácil acceso ,https://sabaneta.olx.com.co/se-renta-apartamento-en-sabaneta-entreamigos-wasi-1495215-iid-1061543010,NO,
19 Sep,18 Sep,Bienes y Activos,3227072u,None,Apartamento,NO,None,,Sabaneta Antioquia,2500000,5,68,3,2,None,Hasta 5 años,Arriendo de Apartamento en Sabaneta Aves Maria  wasi1494753,Apartamento de tres alcobas cada una con closet dos baños balcón cocina integral la propiedad cuenta con bonitos acabados y ambiente fresco La unidad es completa con portería 24 horasPropiedad ubicada en el sector de Aves Maria cerca del restaurantes y supermercados ,https://sabaneta.olx.com.co/arriendo-de-apartamento-en-sabaneta-aves-maria-wasi-1494753-iid-1061542344,NO,
19 Sep,18 Sep,Bienes y Activos,3227072u,None,Apartamento,NO,None,,Sabaneta Antioquia,1400000,4,66,2,2,None,Hasta 5 años,Arriendo de Apartamento en Sabaneta Cañaveralejo  wasi1494129,Hermoso apartamento con dos alcobas con baño sala comedor cocina integral zona de ropas balcón el edificio cuenta con shut de basura parqueadero y portería 24 horasPropiedad ubicada en Sabaneta en el sector de Cañaveralejo en zona residencial y tranquila con fácil acceso ,https://sabaneta.olx.com.co/arriendo-de-apartamento-en-sabaneta-canaveralejo-wasi-1494129-iid-1061543178,NO,
19 Sep,18 Sep,SMA Propiedad Raiz,44484824,None,Apartamento,NO,None,,Sabaneta Antioquia,1100000,4,55,3,2,None,Hasta 5 años,ARRIENDO DE APARTAMENTO EN ASDESILLAS SABANETA  SABANETA 62212016,62212016 Apartamento en arriendo ubicado en sabaneta  sector asdesillas cerca a colegios tiendas D1 excelente ubicación y sector tranquilo ,https://sabaneta.olx.com.co/arriendo-de-apartamento-en-asdesillas-sabaneta-sabaneta-622-12016-iid-1061004257,NO,
19 Sep,18 Sep,Bienes y Activos,3227072u,None,Apartamento,NO,None,,Sabaneta Antioquia,1150000,4,59,3,2,None,Hasta 5 años,Arriendo de apartamento en sabaneta la Doctora  wasi1518841,Apartamento con buena iluminación y espacios cómodos se encuentra distribuido en cocina integral zona de ropas sala comedor cuenta con la comodidad de tres habitaciones con closet dos baños entra otras comodidades la unidad cuenta con parqueadero cuarto útil ascensor y seguridad 24 horasPropiedad ubicada en sabaneta en el sector la doctora la zona cuenta con fácil acceso ,https://sabaneta.olx.com.co/arriendo-de-apartamento-en-sabaneta-la-doctora-wasi-1518841-iid-1062302354,NO,
19 Sep,18 Sep,Bienes y Activos,3227072u,None,Apartamento,NO,None,,Sabaneta Antioquia,1300000,4,67,2,2,None,Hasta 5 años,Se renta Apartamento en Sabaneta Pan de Azucar  wasi1482079,Hermoso apartamento con dos alcobas con baño sala comedor cocina integral zona de ropas balcón la unidad cuenta con shut de basura parqueadero y portería 24 horasPropiedad ubicada en el sector de Pan de Azucar cerca del restaurantes y supermercados ,https://sabaneta.olx.com.co/se-renta-apartamento-en-sabaneta-pan-de-azucar-wasi-1482079-iid-1061542944,NO,
19 Sep,18 Sep,Bienes y Activos,3227072u,None,Apartamento,NO,None,,Sabaneta Antioquia,1500000,4,62,3,2,None,Hasta 5 años,Arriendo de Apartamento en Sabaneta Asdecillas  wasi1482038,Apartamento de tres alcobas cada una con closet dos baños balcón cocina integral la propiedad cuenta con bonitos acabados y ambiente fresco La unidad es completa con portería 24 horasUbicado cerca a zona comercial con fáciles vías de acceso ,https://sabaneta.olx.com.co/arriendo-de-apartamento-en-sabaneta-asdecillas-wasi-1482038-iid-1061542043,NO,
19 Sep,18 Sep,mattis inmobiliaria,44448554,None,Apartamento,NO,None,,Sabaneta Antioquia,1200000,4,58,3,2,None,Hasta 5 años,Apartamento En Arriendo En Sabaneta Sabaneta  Las Lomitas Cod ABMAT10857,Mattis inmobiliaria le ofrece hermoso apartamento para estrenar en Sabaneta sector las lomitas cuenta con espectacular vista aire puro salacomedor cocina integralzona de ropas y balcón La unidad tiene parqueadero cubierto cuarto útil servicios públicos de EPM En áreas comunes Cancha de basketball cancha de microfútbol juegos infantiles sendero ecológico piscina para adultos y niños cancha de squash sauna turco salón social gimnasio Una zona con transporte integrado al MetroLlámanos y con mucho gusto lo asesoramos ,https://sabaneta.olx.com.co/apartamento-en-arriendo-en-sabaneta-sabaneta-las-lomitas-cod-abmat10857-iid-1057044700,NO,
19 Sep,16 Sep,VITAE GRUPO INMOBILIARIO,3014123965,,Apartamento,NO,Inmobiliaria,San Jos,Sabaneta Antioquia,1500000,4,84,3,2,Si,A estrenar,ARRIENDO DE APARTAMENTO NUEVO EN SABANETALOMA SAN JOSE,Arriendo de hermoso espacioso e iluminado apartamento ubicado en la Loma San Jose  Sabaneta cuenta con 84m² distribuidos así  3 habitaciones Dos con closet y principal con vestier 2 baños con cabinas en vidrio templado  Cocina abierta integral y barra americana Zona de ropas independiente Sala con ventanal y balcón comedor  PARQUEADERO PRIVADOCUARTO ÚTIL  Acabados del inmueble en madera piso en porcelanato y laminado excelente ventilación e iluminación natural apartamento Nuevo  Conjunto Residencial con portería 24 horas piscinas climatizada zona húmeda y de relajación plazoleta parqueaderos de visitantes salón social terraza zona infantil canchas de futbol y zonas BBQ Rutas integradas de transporte Si te interesa esta propiedad o quieres conocer opciones similares puedes comunicarte al 301 412 3965 VITAE GRUPO INMOBILIARIO Saludos ,https://sabaneta.olx.com.co/arriendo-de-apartamento-nuevo-en-sabaneta-loma-san-jose-iid-1062562444,NO,
19 Sep,14 Sep,Astrid A,3023641860,3023641860,Habitación,NO,Dueño Directo,Abajo,Sabaneta Antioquia,350000,3,350,3,1,Si,Más de 50 años,ARRIENDO HABITACIÓN LA ESTRELLA ANTIOQUIA URBANIZACIÓN CERRADA  PERSONA SOLA,ANTES DE ESCRIBIR POR WHATSAAP 3023641860 LEER POR FAVOR  Arriendo de habitación con o sin cama a persona MUY ORGANIZADA Y ASEADA en urbanización cerrada La Estrella Antioquia ambiente tranquilo cerca de la variante de Caldas a 10 o 15 minutos del Metro de Medellín a pie Cerca de Itagüí Sabaneta y sus transportes La Estrella  Itagüí  Medellín Caldas  La Estrella  Sabaneta  Medellín Cerca al D1 y tiene supermercado interno y tienda  Unidad cerrada con piscina turco gimnasio a la intemperie zonas verdes parqueadero a la intemperie vigilancia 247 La casa cuenta con 1 baño agua caliente gas natural patio amplio lavadora internet y zona verde propia AMBIENTE NO FAMILIAR sin restricción horaria NO VICIOS POR FAVOR CIGARRILLOS ALCOHOL MARIHUANA ETC NO SE ADMITEN MASCOTAS NO SE ADMITEN PAREJAS BAJO NINGUNA CIRCUNSTANCIA Se alquila SÓLO a persona que TRABAJE FUERA DE CASA y sea MUY ORGANIZADA y ASEADA Estos requisitos son fundamentales para la SANA CONVIVENCIA Las personas interesadas deberán presentar certificación laboral de su trabajo actual fotocopia de la cédula ampliada al 150 y dos referencias personales escritas debidamente firmadas y con números de teléfonos ACTUALIZADOS El pago se realiza mes anticipado Las personas interesas y que CUMPLAN CON CADA UNO DE LO REQUISITOS escribir por WhatsApp 3023641860 sus inquietudes serán atendidas ,https://sabaneta.olx.com.co/arriendo-habitacion-la-estrella-antioquia-urbanizacion-cerrada-persona-sola-iid-1060430271,NO,"https://www.google.com/maps/place/6.151000022888184,-75.63700103759766"
19 Sep,13 Sep,Bienes y Activos,3227072u,None,Apartamento,NO,None,Centro,Sabaneta Antioquia,1600000,4,68,3,2,None,Hasta 5 años,Arriendo Apartamento  en Sabaneta  wasi1163580,Apartamento en arriendo Sector Cañaveralejo de 3 Alcobas Balcón 2 baños 1closets 1 vestier Parqueadero cuarto útil  Área 68 m2 Piscina sauna  gimnasio salón social juegos infantiles portería 24 horas CCTVUn lugar residencial y tranquilo con excelentes vías de acceso Cercano a colegios universidades hospitales iglesias supermercados centros comerciales unidades deportivas y almacenes de grandes superficies estaciones del metro o integrados entre otros ,https://sabaneta.olx.com.co/arriendo-apartamento-en-sabaneta-wasi-1163580-iid-1059697364,NO,
19 Sep,12 Sep,NUEVO HABITAT,3023025563,None,Apartamento,SI,None,,Sabaneta Antioquia,4000000,4,118,3,3,None,Entre 5 y 10 años,Apartamento en Arriendo Ubicado en SABANETA,Codigo Inmueble 7474 ARRIENDO APARTAMENTO AMOBLADO EN SABANETA EXCELENTES ACABADOS 3 ALCOBAS 3 CLOSET 3 BAÑOS  COCINA INTEGRAL SALA COMEDOR ZONAS HÚMEDAS  FÁCIL ACCESO A LAS RUTAS DE TRANSPORTE ,https://sabaneta.olx.com.co/apartamento-en-arriendo-ubicado-en-sabaneta-iid-1056490053,NO,
19 Sep,12 Sep,NUEVO HABITAT,3023025563,None,Apartamento,NO,None,,Sabaneta Antioquia,3300000,4,136,3,3,None,Entre 5 y 10 años,Apartamento en Arriendo Ubicado en SABANETA,Codigo Inmueble 8075 Apartamento para arriendo en Sabaneta sector aves maría parta alta con excelente vista a la ciudad sala comedor muy amplia cocina integral Piso en madera laminada dos parqueadero dos cuarto úti unida cerrada con porteria las 24 horas del día piscina turco y gimnasio ,https://sabaneta.olx.com.co/apartamento-en-arriendo-ubicado-en-sabaneta-iid-1056489941,NO,
19 Sep,12 Sep,NUEVO HABITAT,3023025563,None,Apartamento,NO,None,,Sabaneta Antioquia,2200000,4,108,2,2,None,Entre 5 y 10 años,Apartamento en Arriendo Ubicado en SABANETA,Codigo Inmueble 7736 APARTAMENTO EN SABANETA EXCELENTE SECTOR DE LA CIUDAD TIENE DOS ALCOBAS DOS BAÑOS COCINA INTEGRAL CON HORNO BALCÓN AGUA CALIENTE CUARTO ÚTIL Y PARQUEADERO ,https://sabaneta.olx.com.co/apartamento-en-arriendo-ubicado-en-sabaneta-iid-1056489935,NO,
19 Sep,12 Sep,NUEVO HABITAT,3023025563,None,Apartamento,NO,None,,Sabaneta Antioquia,1350000,4,66,3,2,None,Entre 5 y 10 años,Apartamento en Arriendo Ubicado en SABANETA,Codigo Inmueble 8132 Apartamento con hermosa vista luz natural y excelentes acabados sala comedor amplia cocina integral tres alcobas dos closet un vestier dos baños cabinados en vidrio templado balcón zona de ropa piso en porcelanato parqueadero cuarto útil sauna turco ,https://sabaneta.olx.com.co/apartamento-en-arriendo-ubicado-en-sabaneta-iid-1056489867,NO,
19 Sep,12 Sep,NUEVO HABITAT,3023025563,None,Apartamento,NO,None,,Sabaneta Antioquia,1800000,4,100,3,2,None,Entre 5 y 10 años,Apartamento en Arriendo Ubicado en SABANETA,Codigo Inmueble 8015 Apartamento amplio y con buena vista al lado de un barrio tradicional cerca de las avenidas principales sala comedor cocina integral tres alcobas dos baños cabinados en vidrio templado tres closet dos balcones píso en porcelanato zona de ropas cuarto útil parqueadero piscina sauna turco salón social juegos infantiles ,https://sabaneta.olx.com.co/apartamento-en-arriendo-ubicado-en-sabaneta-iid-1056489821,NO,
19 Sep,12 Sep,NUEVO HABITAT,3023025563,None,Apartamento,NO,None,El Poblado,Sabaneta Antioquia,1500000,3,65,3,2,None,Entre 5 y 10 años,Apartamento en Arriendo Ubicado en SABANETA,Codigo Inmueble 8051 Apartamento para arriendo ubicado en muy buen sector cerca a tiendas supermercados avenida el poblado fácil acceso a rutas de transporte cerca a estaciones de metro Tiene tres alcobas tres closet dos baños cocina integral zona de ropas parqueadero cuarto util piscina balcón con vista al parque principal sauna turco gimnasio salon social juegos zona BBQ calentador tendedero ,https://sabaneta.olx.com.co/apartamento-en-arriendo-ubicado-en-sabaneta-iid-1056489542,NO,
19 Sep,12 Sep,NUEVO HABITAT,3023025563,None,Apartamento,NO,None,Moderno,Sabaneta Antioquia,2200000,5,102,2,3,None,Entre 5 y 10 años,Apartamento en Arriendo Ubicado en SABANETA,Codigo Inmueble 8159 Apartamento con acabados modernos acceso a transporte hermosa vista y luz natural Sala comedor amplia cocina integral dos alcobas un closet un vestier un estudio pequeño tres baños cabinados en vidrio templado zona de ropa piso en porcelanato cuarto útil parqueadero piscina sauna turco jacuzzi gimnasio salón social cancha de SQUASH ,https://sabaneta.olx.com.co/apartamento-en-arriendo-ubicado-en-sabaneta-iid-1057247117,NO,
19 Sep,12 Sep,NUEVO HABITAT,3023025563,None,Apartamento,NO,None,Moderno,Sabaneta Antioquia,1650000,5,70,2,2,None,Entre 5 y 10 años,Apartamento en Arriendo Ubicado en SABANETA,Codigo Inmueble 8160 Apartamento con acabados modernos acceso a transporte hermosa vista y luz natural Sala comedor amplia cocina integral dos alcobas dos closet dos baños cabinados en vidrio templado zona de ropa piso en lamina en madera cuarto útil parqueadero piscina sauna turco jacuzzi gimnasio salón social cancha de SQUASH ,https://sabaneta.olx.com.co/apartamento-en-arriendo-ubicado-en-sabaneta-iid-1057247045,NO,
19 Sep,12 Sep,NUEVO HABITAT,3023025563,None,Apartamento,NO,None,Moderno,Sabaneta Antioquia,2200000,5,100,3,2,None,Entre 5 y 10 años,Apartamento en Arriendo Ubicado en SABANETA,Codigo Inmueble 8158 Apartamento con acabados modernos acceso a transporte hermosa vista y luz natural Sala comedor amplia cocina integral tres alcobas dos closet un vestier dos baños cabinados en vidrio templado balcón zona de ropa piso en porcelanato cuarto útil parqueadero piscina sauna turco jacuzzi gimnasio salón social cancha de SQUASH ,https://sabaneta.olx.com.co/apartamento-en-arriendo-ubicado-en-sabaneta-iid-1057245354,NO,
19 Sep,12 Sep,NUEVO HABITAT,3023025563,None,Apartamento,NO,None,Moderno,Sabaneta Antioquia,1300000,4,65,3,2,None,Entre 5 y 10 años,Apartamento en Arriendo Ubicado en SABANETA,Codigo Inmueble 8231 Apartamento con hermosos y modernos acabados acceso a ruta alimentadora Circular Aves Maria excelente vista muy buena iluminación y ventilación natural colegios y supermercados cerca Cocina integral sala comedor tres alcobas dos closet un vestier dos baños cabinados con vidrio templado piso en cerámica balcón zona de ropas parqueadero cuarto útil piscina turco juegos infantiles salón social cancha ,https://sabaneta.olx.com.co/apartamento-en-arriendo-ubicado-en-sabaneta-iid-1060224216,NO,
19 Sep,12 Sep,NUEVO HABITAT,3023025563,None,Apartamento,NO,None,,Sabaneta Antioquia,1400000,4,64,3,2,None,Entre 5 y 10 años,Apartamento en Arriendo Ubicado en SABANETA,Codigo Inmueble 8229 Zona campestre transporte de buses hasta la portería con ruta alimentadora Circular Aves Maria hermosa vista muy buena iluminación y ventilación natural colegios y supermercados cerca Sala comedor cocina integral tres alcobas dos closet un vestier dos baños cabinados en vidrio templado balcón zona de ropa piso en cerámica cuarto útil parqueadero piscina turco salón social juegos infantiles cancha ,https://sabaneta.olx.com.co/apartamento-en-arriendo-ubicado-en-sabaneta-iid-1060222590,NO,
19 Sep,12 Sep,Bienes y Activos,3227072u,None,Apartamento,NO,None,Restrepo,Sabaneta Antioquia,1200000,4,80,3,2,None,Hasta 5 años,Se renta Apartamento en SabanetaRestrepo Naranjo  wasi1446169,Apartamento de tres alcobas cada una con closet dos baños balcón cocina integral la propiedad cuenta con bonitos acabados y ambiente frescoPropiedad ubicada en el sector de Restrepo Naranjo cerca de restaurantes y zona comercial ,https://sabaneta.olx.com.co/se-renta-apartamento-en-sabaneta-restrepo-naranjo-wasi-1446169-iid-1060230609,NO,
19 Sep,12 Sep,Bienes y Activos,3227072u,None,Apartamento,NO,None,,Sabaneta Antioquia,2200000,5,100,3,3,None,Hasta 5 años,Arriendo de Apartamento en SabanetaAves Maria  wasi1446217,Hermoso apartamento con espacios amplios y excelente iluminación dispone de buenas comodidades para disfrutar de una gran estadía se encuentra distribuido en cocina integral tres alcobas tres baños y zona de ropas el conjunto residencial es completo con seguridad 24 horasUbicado cerca a zona comercial con fáciles vías de acceso ,https://sabaneta.olx.com.co/arriendo-de-apartamento-en-sabaneta-aves-maria-wasi-1446217-iid-1060229316,NO,
19 Sep,12 Sep,Bienes y Activos,3227072u,None,Apartamento,NO,None,Centro,Sabaneta Antioquia,1150000,3,60,2,2,None,Hasta 5 años,Se renta apartamento en SabanetaVirgen del Carmen  wasi1445234,Apartamento de dos alcobas cada una con closet dos baños balcón cocina integral la propiedad cuenta con bonitos acabados y ambiente fresco Propiedad ubicada en el sector de Maria Auxiliadora cerca del Centro Comercial Mayorca ,https://sabaneta.olx.com.co/se-renta-apartamento-en-sabaneta-virgen-del-carmen-wasi-1445234-iid-1060230906,NO,
19 Sep,12 Sep,Bienes y Activos,3227072u,None,Apartamento,NO,None,,Sabaneta Antioquia,1300000,4,68,2,2,None,Hasta 5 años,Arriendo de Apartamento en SabanetaAves Maria  wasi1444595,Apartamento de dos alcobas cada una con closet dos baños balcón cocina integral la propiedad cuenta con bonitos acabados y ambiente fresco La unidad es completa con portería 24 horasPropiedad ubicada en el sector de Loma Linda cerca del restaurantes y supermercados ,https://sabaneta.olx.com.co/arriendo-de-apartamento-en-sabaneta-aves-maria-wasi-1444595-iid-1060229070,NO,
19 Sep,11 Sep,Desi o,None,None,None,SI,Dueño Directo,,Sabaneta Antioquia,300,3,60,2,1,No,Entre 5 y 10 años,Se arrienda habitacin amoblada para dama en la estrella,Habitacin amoblada cmoda en unidad privada para dama que trabaje en ,https://sabaneta.olx.com.co/se-arrienda-habitacin-amoblada-para-dama-en-la-estrella-iid-1062640746,NO,"https://www.google.com/maps/place/6.138999938964844,-75.63500213623047"
19 Sep,11 Sep,NUEVO HABITAT,3023025563,None,Apartamento,NO,None,,Sabaneta Antioquia,2000000,4,99,3,3,None,Entre 5 y 10 años,Apartamento en Arriendo Ubicado en SABANETA,Codigo Inmueble 8220 Apartamento con hermosa vista y luz natural con acceso a transporte publico Sala comedor amplia cocina integral tres alcobas dos closet un vestier tres baños cabinados en vidrio templado balcón grande y zona de ropa amplia piso en porcelanato cuarto útil parqueadero piscina sauna turco gimnasio salón social juegos infantiles cancha ,https://sabaneta.olx.com.co/apartamento-en-arriendo-ubicado-en-sabaneta-iid-1059852272,NO,
19 Sep,11 Sep,Cristian G,3132665339,None,Apartaestudio,NO,Inmobiliaria,,Sabaneta Antioquia,800000,4,38,1,1,No,Entre 5 y 10 años,Arriendo Apartaestudio,arriendo apartaestudio en sabaneta sin ascensor cuenta con una alcoba un baño sala comedor cocina integral Red de gas calentador balón puerta de seguridad para más información comuníquese al 3132665339 Cristian García ,https://sabaneta.olx.com.co/arriendo-apartaestudio-iid-1062618569,NO,
19 Sep,11 Sep,Cristian G,3132665339,None,Apartaestudio,NO,Inmobiliaria,,Sabaneta Antioquia,800000,4,40,1,1,No,Hasta 5 años,Arriendo Apartaestudio en Sabaneta,arriendo apartaestudio en sabanetapiso 6 sin ascensor  cuenta con una alcobaun baño sala comedor cocina integral balón piso en ceramica puerta de seguridad calentador a gas para más información comuníquese al 3132665339 Cristian García ,https://sabaneta.olx.com.co/arriendo-apartaestudio-en-sabaneta-iid-1062617903,NO,
19 Sep,11 Sep,servicio209,3003098411,None,Apartamento,NO,Inmobiliaria,Centro,Sabaneta Antioquia,1100000,3,70,3,2,Si,Entre 5 y 10 años,Apartamento en Renta en SABANETA,Sector Entre Amigos cerca a la estación SABANETA con todas las rutas integradas para el metro y el centro de la ciudad Cerca al parque de sabaneta al centro comercial aves Marías avenida las Vegas al éxito justo y bueno ,https://sabaneta.olx.com.co/apartamento-en-renta-en-sabaneta-iid-1062574202,NO,
19 Sep,11 Sep,servicio209,3003098411,None,Apartamento,NO,Inmobiliaria,Centro,Sabaneta Antioquia,1100000,3,62,3,2,Si,Entre 5 y 10 años,Apartamento Para Renta En Sabaneta,Sector Entre Amigos cerca a la estación la SABANETA con todas las rutas integradas para el metro y el centro de la ciudad Cerca al parque de sabaneta al centro comercial aves Marías avenida las Vegas al éxito justo y bueno ,https://sabaneta.olx.com.co/apartamento-para-renta-en-sabaneta-iid-1062573616,NO,
19 Sep,11 Sep,NUEVO HABITAT,3023025563,None,Apartamento,NO,None,,Sabaneta Antioquia,800000,3,55,3,2,None,Entre 5 y 10 años,Apartamento en Arriendo Ubicado en SABANETA,Codigo Inmueble 8258 CODIGO 8258 SE ARRIENDA APARTAMENTO CON 55MTS CUADRADOS CUENTA CON 3 ALCOBAS 3 CLOSETH 2 BAÑOS ZONA DE ROPAS COCINA INTEGRAL PARQUEADERO ZONAS COMUNES COMO  PISCINA SAUNA TURCO JUEGOS Y SALON SOCIAL UBICADO EN SABANETA BARRIO MARIA AUXILIADORA CERCA A VIA PRINCIPAL ,https://sabaneta.olx.com.co/apartamento-en-arriendo-ubicado-en-sabaneta-iid-1062566860,NO,
19 Sep,11 Sep,arrendamientos32,44487771,None,Apartamento,NO,None,,Sabaneta Antioquia,1250000,4,72,3,2,None,Hasta 5 años,ARRIENDO DE APARTAMENTO EN VEREDA CAÃAVERALEJO SABANETA  SABANETA 67911499,67911499 Apartamento de 72 Mts2 Aprox 3 alcobas 2 Closet 1 vestier 2 Baños cabinados salón comedor balcón ventanal cocina integral mixta barra zona de ropas pisos en Madera Laminada  parqueadero cubierto sencillo y cuarto útil Cuenta con amplios espacios perfectos y hermosos acabados excelente iluminación y servicio de transporte público cercano ,https://sabaneta.olx.com.co/arriendo-de-apartamento-en-vereda-caaaveralejo-sabaneta-sabaneta-679-11499-iid-1062566318,NO,
19 Sep,11 Sep,arrendamientos41,44487771,None,Apartamento,NO,None,,Sabaneta Antioquia,900000,4,60,2,2,None,None,ARRIENDO DE APARTAMENTO EN VEREDA SAN JOSE SABANETA  SABANETA 67926045,67926045 Apartamento de 60 Mts2 Aprox con buenas rutas de transporte excelente iluminación y muy buenos espacios ideal para disfrutar de los buenos momentos en familia Ubicado en excelente sector de Sabaneta a 5 Minutos de la universidad Ceipa zonas comunes en construcción ,https://sabaneta.olx.com.co/arriendo-de-apartamento-en-vereda-san-jose-sabaneta-sabaneta-679-26045-iid-1062566223,NO,
19 Sep,11 Sep,arrendamientos41,44487771,None,Apartamento,NO,None,,Sabaneta Antioquia,1800000,4,127,3,4,None,Hasta 5 años,ARRIENDO DE APARTAMENTO EN AVES MARÃA SABANETA  SABANETA 67926047,67926047 Apartamento de  127 Mts2 Cuenta con amplios espacios perfectos y hermosos acabados espectaculares zonas comunes para disfrutar excelente iluminación y servicio de transporte público cercano Ubicado en excelente sector cerca de el Exito Aves Maria ,https://sabaneta.olx.com.co/arriendo-de-apartamento-en-aves-maraa-sabaneta-sabaneta-679-26047-iid-1062566220,NO,
19 Sep,11 Sep,arrendamientos41,44487771,None,Apartamento,NO,None,,Sabaneta Antioquia,1700000,4,86,3,3,None,None,ARRIENDO DE APARTAMENTO EN PRADOS DE SABANETA SABANETA  SABANETA 67926057,67926057 Apartamento de  86 Mts2 Cuenta con amplios espacios perfectos y hermosos acabados espectaculares zonas comunes para disfrutar excelente iluminación y servicio de transporte público cercano Ubicado en excelente sector cerca De la Estacion la Estrella ,https://sabaneta.olx.com.co/arriendo-de-apartamento-en-prados-de-sabaneta-sabaneta-sabaneta-679-26057-iid-1062566204,NO,
19 Sep,11 Sep,arrendamientos41,44487771,None,Apartamento,NO,None,,Sabaneta Antioquia,1600000,4,97,3,2,None,Hasta 5 años,ARRIENDO DE APARTAMENTO EN AVES MARÃA SABANETA  SABANETA 67926037,67926037 Apartamento de 97 Mts2 Cuenta con amplios espacios perfectos y hermosos acabados espectaculares zonas comunes para disfrutar excelente iluminación y servicio de transporte público cercano Ubicado en excelente sector cerca del Exito Aves Maria ,https://sabaneta.olx.com.co/arriendo-de-apartamento-en-aves-maraa-sabaneta-sabaneta-679-26037-iid-1062566101,NO,
19 Sep,11 Sep,arrendamientos41,44487771,None,Apartamento,NO,None,,Sabaneta Antioquia,1250000,4,67,3,2,None,Hasta 5 años,ARRIENDO DE APARTAMENTO EN LA DOCTORA SABANETA  SABANETA 67924314,67924314 Apartamento de 67Mts2 Aprox con buenas rutas de transporte excelente iluminación y muy buenos espacios ideal para disfrutar de los buenos momentos en familia Ubicado en excelente sector de Sabaneta cerca de Unisabaneta ,https://sabaneta.olx.com.co/arriendo-de-apartamento-en-la-doctora-sabaneta-sabaneta-679-24314-iid-1054460098,NO,
19 Sep,10 Sep,arrendamientosjg,43669096,None,Apartamento,NO,Inmobiliaria,,Sabaneta Antioquia,1400000,3,70,3,2,Si,Hasta 5 años,SE ARRIENDA APARTAMENTO  EN SABANETA,Se arrienda comodo apartamento en sabaneta con buen transporte publico cerca a la universidad ceipa con tres habitaciones dos baños vestier closets cocina semi integral con extractor calentador gas sala comedor zona de ropas con muy buena vista parqueadero piscina para adultos y niños gimnasio parque infantil ,https://sabaneta.olx.com.co/se-arrienda-apartamento-en-sabaneta-iid-1062526415,NO,
19 Sep,10 Sep,NUEVO HABITAT,3023025563,None,Apartamento,NO,None,San Jos,Sabaneta Antioquia,1300000,1,65,3,2,None,Entre 5 y 10 años,Apartamento en Arriendo Ubicado en SABANETA,Codigo Inmueble 8256 CODIGO 8256 SE ARRIENDA APARTAMENTO DE 65MTS CUADRADOS EN UNIDAD CERRADA CUENTA CON 3 ALCOBAS CADA UNO CON SU CLOSET 2 BAÑOS ZONA DE ROPAS COCINA INTEGRAL PARQUEADERO CUARTO UTIL ZONAS COMUNES COMO  PISCINA SAUNA TURCO GIMNASIO SALON SOCIAL JUEGOS ENTRE OTROS SE ENCUENTRA UBICADO EN SABANETA EN EL SECTOR SAN JOSE CERCA A LA UNIVERSIDAD EL CEIPA Y CON FACIL ACCESO A TRANSPORTE PUBLICO ,https://sabaneta.olx.com.co/apartamento-en-arriendo-ubicado-en-sabaneta-iid-1062468934,NO,
19 Sep,9 Sep,Hely J R,3107373476,None,Habitación,NO,Dueño Directo,,Sabaneta Antioquia,490000,4,70,1,1,Si,A estrenar,Arriendo Habitacion en La Estrella,Arriendo habitación en la estrella para mujer sola que trabaje la habitación cuenta con cama tv internet y parabólica En él apartamento hay lavadora nevera microondas y todos los elementos de hogar para uso comun Solo mujeres por favor ,https://sabaneta.olx.com.co/arriendo-habitacion-en-la-estrella-iid-1062430345,NO,"https://www.google.com/maps/place/6.138999938964844,-75.63400268554688"
19 Sep,9 Sep,IDEAS Y BIENES SOLUCIONES INMOBILIARIAS SAS,3103512936,None,Apartamento,NO,Inmobiliaria,,Sabaneta Antioquia,1400000,4,66,2,2,Si,Entre 5 y 10 años,Apartamento en Arriendo Sabaneta Sector Cañaveralejo Código 851491,66 M2 distribuidos en 2 alcobas 1 closet 1 vestier 2 baños cabinados en vidrio templado salón comedor estudio balcón cocina integral abierta mesón en granito zona de ropas red de gas piso en porcelanato parqueadero sencillo Valor de Venta  270000000  Unidad cerrada con portería las 24 horas circuito cerrado de tv ascensor shut de basuras zonas verdes juegos infantilies gimnasio placa deportivasalón social piscina sauna turco parqueadero de visitantes  Ubicada cerca de supermercados buenas vías de acceso zona tranquila ,https://sabaneta.olx.com.co/apartamento-en-arriendo-sabaneta-sector-canaveralejo-codigo-851491-iid-1059942343,NO,
19 Sep,9 Sep,IDEAS Y BIENES SOLUCIONES INMOBILIARIAS SAS,3103512936,None,Apartamento,NO,Inmobiliaria,,Sabaneta Antioquia,1300000,4,68,2,2,Si,Entre 5 y 10 años,Apartamento en Arriendo Sabaneta Sector Cañaveralejo Código 851466,68 M2 distribuidos en 2 alcobas 1 closet 1 vestier 2 baños cabinados en vidrio templado salón comedor estudio balcón cocina integral abierta mesón en granito zona de ropas red de gas piso en cerámica parqueadero sencillo cuarto útil  Unidad cerrada con portería las 24 horas circuito cerrado de tv ascensor shut de basuras zonas verdes juegos infantilies gimnasio placa deportivasalón social piscina sauna turco parqueadero de visitantes  Ubicada cerca de supermercados buenas vías de acceso zona tranquila ,https://sabaneta.olx.com.co/apartamento-en-arriendo-sabaneta-sector-canaveralejo-codigo-851466-iid-1059940183,NO,
19 Sep,9 Sep,IDEAS Y BIENES SOLUCIONES INMOBILIARIAS SAS,3103512936,None,Apartamento,NO,Inmobiliaria,,Sabaneta Antioquia,1300000,4,61,2,2,Si,Entre 5 y 10 años,Apartamento en Arriendo Sabaneta Sector Cañaveralejo Código  851449,61 M2 distribuidos en 2 alcobas 1 closet 1 vestier 2 baños salón comedor balcón cocina integral abierta mesón en acero inoxidable zona de ropas red de gas piso en cerámica parqueadero sencillo cuarto útil  Unidad cerrada con portería las 24 horas circuito cerrado de tv ascensor shut de basuras zonas verdes juegos infantilies gimnasio placa deportivasalón social piscina sauna turco parqueadero de visitantes  Ubicada cerca de supermercados buenas vías de acceso zona tranquila ,https://sabaneta.olx.com.co/apartamento-en-arriendo-sabaneta-sector-canaveralejo-codigo-851449-iid-1059938068,NO,
19 Sep,9 Sep,Bienes y Activos,3227072u,None,Apartamento,NO,None,,Sabaneta Antioquia,1800000,4,120,3,3,None,Hasta 5 años,Arriendo de Apartamento en SabanetaCentral  wasi1440920,Apartamento amplio distribuido en salacomedor cocina integral 3 alcobas3 baños  entre otras comodidades ubicado en unidad completa Ubicado en zona con buen servicio de trasporte público y fáciles vías de acceso cuenta con cercanía a Instituciones EducativasPropiedad ubicada cerca al parque de Sabeneta ,https://sabaneta.olx.com.co/arriendo-de-apartamento-en-sabaneta-central-wasi-1440920-iid-1059923215,NO,
19 Sep,9 Sep,Bienes y Activos,3227072u,None,Apartamento,NO,None,Prado,Sabaneta Antioquia,1400000,4,70,3,2,None,Hasta 5 años,Se renta Apartamento en Sabaneta  wasi1439447,Hermoso apartamento con tres alcobas con baño sala comedor cocina integral zona de ropas balcón el edificio cuenta con shut de basura parqueadero y portería 24 horasPropiedad ubicada en el sector de Prados de Sabaneta cerca del Hospital y zona comercial ,https://sabaneta.olx.com.co/se-renta-apartamento-en-sabaneta-wasi-1439447-iid-1059923807,NO,
19 Sep,9 Sep,arrendamientos41,44487771,None,Apartamento,NO,None,Centro,Sabaneta Antioquia,1550000,4,67,3,2,None,Hasta 5 años,ARRIENDO DE APARTAMENTO EN CALLE LARGA SABANETA  SABANETA 67926030,67926030 Apartamento de 67 Mts2 Cuenta con amplios espacios perfectos y hermosos acabados espectaculares zonas comunes para disfrutar excelente iluminación y servicio de transporte público cercano Ubicado en excelente sector cerca Centro Comercial Aves Maria ,https://sabaneta.olx.com.co/arriendo-de-apartamento-en-calle-larga-sabaneta-sabaneta-679-26030-iid-1062368507,NO,
19 Sep,9 Sep,PANORAMA DEL SUR ,2701010u,None,Apartamento,NO,None,,Sabaneta Antioquia,1300000,3,67,3,2,None,Hasta 5 años,ARRIENDO DE APARTAMENTO EN PRADOS DE SABANETA SABANETA  SABANETA 57097,57097 CÓMODO APARTAMENTO CON AMPLIOS ESPACIOS MUY BUENA ILUMINACIÓN CUENTA CON  3 ALCOBAS 2 BAÑOS   ESTUDIO  PARQUEADERO Y CUARTO ÚTIL ,https://sabaneta.olx.com.co/arriendo-de-apartamento-en-prados-de-sabaneta-sabaneta-sabaneta-570-97-iid-1054287134,NO,
19 Sep,9 Sep,PANORAMA DEL SUR ,2701010u,None,Apartamento,NO,None,,Sabaneta Antioquia,1300000,4,65,3,2,None,Entre 5 y 10 años,ARRIENDO DE APARTAMENTO EN VEREDA SAN JOSE SABANETA  SABANETA 57082,57082 CÓMODO APARTAMENTO CON AMPLIOS ESPACIOS  CUENTA CON 3 ALCOBAS 2 BAÑOS PARQUEADERO Y CUARTO UTIL  MUY BUENA UBICACIÓN Y EN UNA DE LAS UNIDADES MAS COMPLETAS EN ENVIGADO ,https://sabaneta.olx.com.co/arriendo-de-apartamento-en-vereda-san-jose-sabaneta-sabaneta-570-82-iid-1054287121,NO,
19 Sep,9 Sep,PANORAMA DEL SUR ,2701010u,None,Apartamento,NO,None,,Sabaneta Antioquia,1450000,3,78,3,2,None,Hasta 5 años,ARRIENDO DE APARTAMENTO EN PRADOS DE SABANETA SABANETA  SABANETA 57093,57093 CÓMODO APARTAMENTO CON AMPLIOS ESPACIOS BUENA ILUMINACIÓN  CUENTA CON 3 ALCOBAS  2 BAÑOS  ESTUDIO  COCINA INTEGRAL CON RED DE GAS PARQUEADERO Y CUARTO ÚTIL ,https://sabaneta.olx.com.co/arriendo-de-apartamento-en-prados-de-sabaneta-sabaneta-sabaneta-570-93-iid-1054287112,NO,
19 Sep,9 Sep,PANORAMA DEL SUR ,2701010u,None,Apartamento,NO,None,Prado,Sabaneta Antioquia,1300000,3,68,3,2,None,Hasta 5 años,ARRIENDO DE APARTAMENTO EN PRADOS DE SABANETA SABANETA  SABANETA 57074,57074 Apartamento en Sabaneta sector Prados de Sabaneta el inmueble cuenta con 3 habitaciones 2 baños sala comedor parqueadero y cuarto útil La urbanización cuenta con piscina gimnasio sendero turco y  sauna ,https://sabaneta.olx.com.co/arriendo-de-apartamento-en-prados-de-sabaneta-sabaneta-sabaneta-570-74-iid-1054287109,NO,
19 Sep,9 Sep,arrendamientos41,44487771,None,Apartamento,NO,None,,Sabaneta Antioquia,1700000,4,78,2,2,None,Hasta 5 años,ARRIENDO DE APARTAMENTO EN AVES MARÃA SABANETA  SABANETA 67924285,67924285 Apartamento de 78 Mts2 Aprox Espacios amplios e iluminados con fácil acceso a rutas de transporte público Ubicado en excelente sector de Sabaneta cerca al Éxito Aves María  Zonas comunes en proceso ,https://sabaneta.olx.com.co/arriendo-de-apartamento-en-aves-maraa-sabaneta-sabaneta-679-24285-iid-1054241800,NO,
