Fecha Adquisición,Fecha,Nombre Vendedor,Telefono1,Telefono2,Tipo Inmueble,Amoblado,Tipo Vendededor,Barrio,Ubicación,Precio,Estrato,Metros Cuadrados,Habitaciones,Baños,Parqueadero,Antiguedad,Publicación,Descripción,Link,Pauta,Dirección
27 Sep,13 Sep,HOME INMOBILIARIA COLOMBIA ,3175331858,None,Apartaestudio,NO,Inmobiliaria,,Yopal Casanare,850000,3,51,1,1,Si,Hasta 5 años,APARTAESTUDIO EN ARRIENDO YOPAL UBICADO EN EL EDIFICIO LUMA APTO 301 CR 24  12 ESQUINA,DESCRIPCIÓN El apartamento 301A del edificio luma cuenta con una alcoba un baño sala con balcon comedor cocina integral patio de ropas parqueadero El apto se entrega totalmente encortinado ÁREAS SOCIALES Piscina zona de bbq parque infantil zonas de descanso doble ascensor vigilancia armada las 24 del día ,https://yopal.olx.com.co/apartaestudio-en-arriendo-yopal-ubicado-en-el-edificio-luma-apto-301-cr-24-12-esquina-iid-1054921742,SI,
27 Sep,13 Sep,HOME INMOBILIARIA COLOMBIA ,3175331858,None,Apartaestudio,NO,Inmobiliaria,,Yopal Casanare,850000,3,51,1,1,Si,Hasta 5 años,APARTAESTUDIO EN ARRIENDO YOPAL UBICADO EN EL EDIFICIO LUMA APTO 301 CR 24  12 ESQUINA,DESCRIPCIÓN El apartamento 301A del edificio luma cuenta con una alcoba un baño sala con balcon comedor cocina integral patio de ropas parqueadero El apto se entrega totalmente encortinado ÁREAS SOCIALES Piscina zona de bbq parque infantil zonas de descanso doble ascensor vigilancia armada las 24 del día ,https://yopal.olx.com.co/apartaestudio-en-arriendo-yopal-ubicado-en-el-edificio-luma-apto-301-cr-24-12-esquina-iid-1054921742,SI,
27 Sep,12 Sep,HOME INMOBILIARIA COLOMBIA ,3175331858,3113880556,Apartaestudio,NO,Inmobiliaria,,Yopal Casanare,550000,2,48,1,1,Si,A estrenar,ARRIENDO APARTAESTUDIO 4TO NIVEL BARRIO CIUDAD DEL CARMEN YOPAL,Apartaestudio consta de una habitación baño social sala comedor cocina integral con cocina empotrada de dos puestos y sin campana extractora patio de ropas un balcón Un parqueadero La aparta estudio está situado en el cuarto piso sin ascensor CUALIDADES DEL SECTOR El sector tiene una gran influencia comercial ya que se encuentra cerca de supermercados restaurantes colegios almacenes entre otrosAdemás de eso cuenta con facilidad de servicio de transporte público como taxis busetas cerca al estadio de las atalayas a la calle 40 ala marginal y a dos cuadras de la fuerza aérea ÁREA CONSTRUIDA 48 M2 NRO PLANTAS 1 EDAD A ESTRENAR ESTRATO 2 VALOR M2 11458 M2 VALOR CANON 550000 CONTACTANOS HOME INMOBILIARIA YOPAL CARRERA 31 N1103 LOCAL 101 EDIFICIO SAN JUAN YOPAL Casanare Cel 3175331858 6334873  3113880556 ,https://yopal.olx.com.co/arriendo-apartaestudio-4to-nivel-barrio-ciudad-del-carmen-yopal-iid-1060845898,SI,
27 Sep,13 Sep,HOME INMOBILIARIA COLOMBIA ,3113880556,3175331858,Apartaestudio,NO,Inmobiliaria,,Yopal Casanare,900000,3,56,1,1,Si,A estrenar,ARRIENDO APARTAESTUDIO 309 EDIFICIO TORRE 28 YOPAL,Apartaestudio en edificio torre 28 consta de una alcoba con clóset con balcón y baño privado con acabados de lujo listos para estrenar posee cocina integral con horno y campana mesones en mármol y muebles de cocina un cuarto de ropas y parqueadero privadose encuentra en perfecta ubicación que evita la entrada de los rayos del Sol además la torre cuenta con ascensor salón múltiple y piscina CUALIDADESDELSECTOR está situado en la parte de atrás del centro comercial alcaraván a tan solo 1 cuadra de la calle 30 y 2 cuadras de la carrera 29 2 de las principales vías de la ciudad tiene cerca variedad de restaurantes todos los hoteles más prestigiosos de la ciudad como son el ghl style y el hotel hampton y el tiendas éxito ÁREA 56M2 VALOR900000  HOME INMOBILIARIA YOPAL Carrera 31 N1103 local 101 edificio san Juan Yopal Casanare Cel 3175331858 6334873  3113880556 ,https://yopal.olx.com.co/arriendo-apartaestudio-309-edificio-torre-28-yopal-iid-1056870719,SI,
27 Sep,13 Sep,HOME INMOBILIARIA COLOMBIA ,3113880556,3175331858,Apartaestudio,NO,Inmobiliaria,,Yopal Casanare,900000,3,56,1,1,Si,A estrenar,ARRIENDO APARTAESTUDIO 309 EDIFICIO TORRE 28 YOPAL,Apartaestudio en edificio torre 28 consta de una alcoba con clóset con balcón y baño privado con acabados de lujo listos para estrenar posee cocina integral con horno y campana mesones en mármol y muebles de cocina un cuarto de ropas y parqueadero privadose encuentra en perfecta ubicación que evita la entrada de los rayos del Sol además la torre cuenta con ascensor salón múltiple y piscina CUALIDADESDELSECTOR está situado en la parte de atrás del centro comercial alcaraván a tan solo 1 cuadra de la calle 30 y 2 cuadras de la carrera 29 2 de las principales vías de la ciudad tiene cerca variedad de restaurantes todos los hoteles más prestigiosos de la ciudad como son el ghl style y el hotel hampton y el tiendas éxito ÁREA 56M2 VALOR900000  HOME INMOBILIARIA YOPAL Carrera 31 N1103 local 101 edificio san Juan Yopal Casanare Cel 3175331858 6334873  3113880556 ,https://yopal.olx.com.co/arriendo-apartaestudio-309-edificio-torre-28-yopal-iid-1056870719,SI,
27 Sep,13 Sep,HOME INMOBILIARIA COLOMBIA ,3208876284,3175331858,Apartamento,NO,Inmobiliaria,,Yopal Casanare,850000,3,95,3,2,No,A estrenar,ARRIENDA APARTAMENTO 202 CRA 19 YOPAL,El apartamento se encuentra ubicado en el segundo piso Consta con tres alcobas Cada alcoba cuenta con su respectivo closet la alcoba principal tiene baño privado y uno social sala comedor Cocina integral patio de ropas con un baño no tiene parqueadero para carro pero cuenta con bahía de parqueo el apto es uno de los inmuebles más apetecidos por la ciudad de Yopal ya que se caracteriza por tener una muy buena ventilación e iluminación natural el inmueble es muy amplio CUALIDADES DEL SECTOR El sector tiene una gran influencia comercial ya que se encuentra cerca de supermercados restaurantes colegios almacenes entre otrosAdemás de eso cuenta con facilidad de servicio de transporte público como taxis busetas etcHOME INMOBILIARIA YOPAL Carrera 31 1103 local 101 edificio san Juan Yopal Casanare Cel 3175331858 6334873 3222342398 ,https://yopal.olx.com.co/arrienda-apartamento-202-cra-19-yopal-iid-1057088426,SI,
27 Sep,13 Sep,HOME INMOBILIARIA COLOMBIA ,3208876284,3175331858,Apartamento,NO,Inmobiliaria,,Yopal Casanare,850000,3,95,3,2,No,A estrenar,ARRIENDA APARTAMENTO 202 CRA 19 YOPAL,El apartamento se encuentra ubicado en el segundo piso Consta con tres alcobas Cada alcoba cuenta con su respectivo closet la alcoba principal tiene baño privado y uno social sala comedor Cocina integral patio de ropas con un baño no tiene parqueadero para carro pero cuenta con bahía de parqueo el apto es uno de los inmuebles más apetecidos por la ciudad de Yopal ya que se caracteriza por tener una muy buena ventilación e iluminación natural el inmueble es muy amplio CUALIDADES DEL SECTOR El sector tiene una gran influencia comercial ya que se encuentra cerca de supermercados restaurantes colegios almacenes entre otrosAdemás de eso cuenta con facilidad de servicio de transporte público como taxis busetas etcHOME INMOBILIARIA YOPAL Carrera 31 1103 local 101 edificio san Juan Yopal Casanare Cel 3175331858 6334873 3222342398 ,https://yopal.olx.com.co/arrienda-apartamento-202-cra-19-yopal-iid-1057088426,SI,
27 Sep,27 Sep,HOME INMOBILIARIA COLOMBIA ,3112391657,3175331858,Apartamento,NO,Inmobiliaria,,Yopal Casanare,1200000,3,113,2,2,Si,Entre 5 y 10 años,ARRIENDO APARTAMENTO CONJUNTO MONTEBELLO YOPAL,El apartamento 202 de la torre A del conjunto residencial Montebello cuenta con dos alcobas cada alcoba cuenta con su respectivo closet sala comedor cocina integral patio de ropas dos baños uno se encuentra en la alcoba principal y el otro baño social la alcoba principal cuenta con vestier y un balcón un parqueadero El apto se entrega con dos aires acondicionados el cual uno está en la alcoba principal y el otro aire en la alcoba secundaria El apto se entrega totalmente encortinado ÁREAS SOCIALES Piscina zonas de descanso Salón comunal y vigilancia a las 24 del día CUALIDADES DEL SECTOR Se encuentra en la zona más exclusiva de la ciudad cerca a centros comerciales clínicas colegios y el centro de la ciudad VALOR M2 10619 M2 ESTRATO3 AREA113 M2 Aprox HOME INMOBILIARIA YOPAL Carrera 31 1103 local 101 edificio san Juan Yopal Casanare Cel 3175331858  3113880556  6334873  ,https://yopal.olx.com.co/arriendo-apartamento-conjunto-montebello-yopal-iid-1056860118,NO,
27 Sep,27 Sep,HOME INMOBILIARIA COLOMBIA ,3112391657,3175331858,Apartamento,NO,Inmobiliaria,,Yopal Casanare,1200000,3,113,2,2,Si,Entre 5 y 10 años,ARRIENDO APARTAMENTO CONJUNTO MONTEBELLO YOPAL,El apartamento 202 de la torre A del conjunto residencial Montebello cuenta con dos alcobas cada alcoba cuenta con su respectivo closet sala comedor cocina integral patio de ropas dos baños uno se encuentra en la alcoba principal y el otro baño social la alcoba principal cuenta con vestier y un balcón un parqueadero El apto se entrega con dos aires acondicionados el cual uno está en la alcoba principal y el otro aire en la alcoba secundaria El apto se entrega totalmente encortinado ÁREAS SOCIALES Piscina zonas de descanso Salón comunal y vigilancia a las 24 del día CUALIDADES DEL SECTOR Se encuentra en la zona más exclusiva de la ciudad cerca a centros comerciales clínicas colegios y el centro de la ciudad VALOR M2 10619 M2 ESTRATO3 AREA113 M2 Aprox HOME INMOBILIARIA YOPAL Carrera 31 1103 local 101 edificio san Juan Yopal Casanare Cel 3175331858  3113880556  6334873  ,https://yopal.olx.com.co/arriendo-apartamento-conjunto-montebello-yopal-iid-1056860118,NO,
27 Sep,27 Sep,HOME INMOBILIARIA COLOMBIA ,3113880556,3175331858,Apartamento,NO,Inmobiliaria,,Yopal Casanare,1100000,3,82,2,2,Si,A estrenar,ARRIENDO APARTAMENTO 311 TORRE 28 YOPAL,Apartamento en edificio torre 28 consta de dos alcobas cada una con clóset y la principal con balcón y baño privado con acabados de lujo listos para estrenar posee cocina integral con horno y campana mesones en mármol y muebles de cocina el apartamento cuenta también con un baño social y en perfecta ubicación que evita la entrada de los rayos del Sol con una excelente ubicaciónCUALIDADES DEL SECTOR está situado en la parte de atrás del centro comercial alcaraván a tan solo 1 cuadra de la calle 30 y 2 cuadras de la carrera 29 2 de las principales vías de la ciudad tiene cerca variedad de restaurantes dos los hoteles más prestigiosos de la ciudad como son el ghl style y el hotel Hampton y las tiendas éxito ÁREA82M2 VALOR1100000 HOME INMOBILIARIA YOPAL Carrera 31 1103 local 101 edificio san Juan Yopal Casanare Cel 3175331858 6334873 3113880556 ,https://yopal.olx.com.co/arriendo-apartamento-311-torre-28-yopal-iid-1056869242,NO,
27 Sep,27 Sep,HOME INMOBILIARIA COLOMBIA ,3113880556,3175331858,Apartamento,NO,Inmobiliaria,,Yopal Casanare,1100000,3,82,2,2,Si,A estrenar,ARRIENDO APARTAMENTO 311 TORRE 28 YOPAL,Apartamento en edificio torre 28 consta de dos alcobas cada una con clóset y la principal con balcón y baño privado con acabados de lujo listos para estrenar posee cocina integral con horno y campana mesones en mármol y muebles de cocina el apartamento cuenta también con un baño social y en perfecta ubicación que evita la entrada de los rayos del Sol con una excelente ubicaciónCUALIDADES DEL SECTOR está situado en la parte de atrás del centro comercial alcaraván a tan solo 1 cuadra de la calle 30 y 2 cuadras de la carrera 29 2 de las principales vías de la ciudad tiene cerca variedad de restaurantes dos los hoteles más prestigiosos de la ciudad como son el ghl style y el hotel Hampton y las tiendas éxito ÁREA82M2 VALOR1100000 HOME INMOBILIARIA YOPAL Carrera 31 1103 local 101 edificio san Juan Yopal Casanare Cel 3175331858 6334873 3113880556 ,https://yopal.olx.com.co/arriendo-apartamento-311-torre-28-yopal-iid-1056869242,NO,
27 Sep,27 Sep,HOME INMOBILIARIA COLOMBIA ,3175331858,3113880556,Apartamento,NO,Inmobiliaria,,Yopal Casanare,1000000,2,100,3,2,Si,A estrenar,ARRIENDO APARTAMENTO 2DO NIVEL BARRIO CIUDAD DEL CARMEN,Apartamento Consta de tres Habitaciones Con Closet la principal con baño privado baño social sala comedor cocina integral con estufa empotrada y lámpara extractora de olores patio de ropas dos balcones Un parqueaderoEl apartamento está situado en el segundo piso sin ascensor CUALIDADES DEL SECTOR El sector tiene una gran influencia comercial ya que se encuentra cerca de supermercados restaurantes colegios almacenes entre otrosAdemás de eso cuenta con facilidad de servicio de transporte público como taxis busetas cerca al estadio de las atalayas a la calle 40 ala marginal y a dos cuadras de la fuerza aérea ÁREA CONSTRUIDA 100 M2 NRO PLANTAS 1 EDAD A ESTRENAR ESTRATO 2 VALOR M2 10000 M2 VALOR CANON 1000000 CONTACTANOS HOME INMOBILIARIA YOPAL CARRERA 31 N1103 LOCAL 101 EDIFICIO SAN JUAN YOPAL Casanare Cel 3175331858 6334873  3113880556 ,https://yopal.olx.com.co/arriendo-apartamento-2do-nivel-barrio-ciudad-del-carmen-iid-1060934319,NO,
27 Sep,27 Sep,HOME INMOBILIARIA COLOMBIA ,3175331858,3113880556,Apartamento,NO,Inmobiliaria,,Yopal Casanare,1000000,2,100,3,2,Si,A estrenar,ARRIENDO APARTAMENTO 2DO NIVEL BARRIO CIUDAD DEL CARMEN,Apartamento Consta de tres Habitaciones Con Closet la principal con baño privado baño social sala comedor cocina integral con estufa empotrada y lámpara extractora de olores patio de ropas dos balcones Un parqueaderoEl apartamento está situado en el segundo piso sin ascensor CUALIDADES DEL SECTOR El sector tiene una gran influencia comercial ya que se encuentra cerca de supermercados restaurantes colegios almacenes entre otrosAdemás de eso cuenta con facilidad de servicio de transporte público como taxis busetas cerca al estadio de las atalayas a la calle 40 ala marginal y a dos cuadras de la fuerza aérea ÁREA CONSTRUIDA 100 M2 NRO PLANTAS 1 EDAD A ESTRENAR ESTRATO 2 VALOR M2 10000 M2 VALOR CANON 1000000 CONTACTANOS HOME INMOBILIARIA YOPAL CARRERA 31 N1103 LOCAL 101 EDIFICIO SAN JUAN YOPAL Casanare Cel 3175331858 6334873  3113880556 ,https://yopal.olx.com.co/arriendo-apartamento-2do-nivel-barrio-ciudad-del-carmen-iid-1060934319,NO,
27 Sep,27 Sep,HOME INMOBILIARIA COLOMBIA ,3113880556,3175331858,Apartaestudio,NO,Inmobiliaria,,Yopal Casanare,900000,3,56,1,1,Si,A estrenar,ARRIENDA APARTAESTUDIO EDIFICIO TORRE 28 YOPAL,Apartaestudio en edificio torre 28 consta de una alcoba con clóset con balcón y baño privado con acabados de lujo listos para estrenar posee cocina integral con horno y campana mesones en mármol y muebles de cocina un cuarto de ropas y parqueadero privadose encuentra en perfecta ubicación que evita la entrada de los rayos del Sol además la torre cuenta con ascensor salón múltiple y piscina CUALIDADES DEL SECTOR está situado en la parte de atrás del centro comercial alcaraván a tan solo 1 cuadra de la calle 30 y 2 cuadras de la carrera 29 2 de las principales vías de la ciudad tiene cerca variedad de restaurantes dos los hoteles más prestigiosos de la ciudad como son el ghl style y el hotel Hampton y el tiendas éxito ÁREA 56M2 VALOR 900000 HOME INMOBILIARIA YOPAL Carrera 31 1103 local 101 edificio san Juan Yopal Casanare Cel 3175331858 6334873 3113880556 ,https://yopal.olx.com.co/arrienda-apartaestudio-edificio-torre-28-yopal-iid-1056868072,NO,
27 Sep,27 Sep,HOME INMOBILIARIA COLOMBIA ,3113880556,3175331858,Apartaestudio,NO,Inmobiliaria,,Yopal Casanare,900000,3,56,1,1,Si,A estrenar,ARRIENDA APARTAESTUDIO EDIFICIO TORRE 28 YOPAL,Apartaestudio en edificio torre 28 consta de una alcoba con clóset con balcón y baño privado con acabados de lujo listos para estrenar posee cocina integral con horno y campana mesones en mármol y muebles de cocina un cuarto de ropas y parqueadero privadose encuentra en perfecta ubicación que evita la entrada de los rayos del Sol además la torre cuenta con ascensor salón múltiple y piscina CUALIDADES DEL SECTOR está situado en la parte de atrás del centro comercial alcaraván a tan solo 1 cuadra de la calle 30 y 2 cuadras de la carrera 29 2 de las principales vías de la ciudad tiene cerca variedad de restaurantes dos los hoteles más prestigiosos de la ciudad como son el ghl style y el hotel Hampton y el tiendas éxito ÁREA 56M2 VALOR 900000 HOME INMOBILIARIA YOPAL Carrera 31 1103 local 101 edificio san Juan Yopal Casanare Cel 3175331858 6334873 3113880556 ,https://yopal.olx.com.co/arrienda-apartaestudio-edificio-torre-28-yopal-iid-1056868072,NO,
27 Sep,27 Sep,HOME INMOBILIARIA COLOMBIA ,3175331858,3113880556,Apartamento,NO,Inmobiliaria,,Yopal Casanare,750000,2,60,2,1,Si,A estrenar,ARRIENDO APARTAMENTO BARRIO CIUDAD DEL CARMEN YOPAL,Apartamento consta de dos habitaciones baño social sala comedor cocina integral con cocina empotrada de dos puestos y sin campana extractora zona de lavandería un balcón Un parqueaderoEl apartamento está situado en el tercer piso sin ascensor CUALIDADES DEL SECTOR El sector tiene una gran influencia comercial ya que se encuentra cerca de supermercados restaurantes colegios almacenes entre otrosAdemás de eso cuenta con facilidad de servicio de transporte público como taxis busetas cerca al estadio de las atalayas a la calle 40 ala marginal y a dos cuadras de la fuerza aérea ÁREA CONSTRUIDA 60 M2 NRO PLANTAS 1 EDAD A ESTRENAR ESTRATO 2 VALOR M2 12500 M2 VALOR CANON 750000 CONTACTANOS HOME INMOBILIARIA YOPAL CARRERA 31 N1103 LOCAL 101 EDIFICIO SAN JUAN YOPAL Casanare Cel 3175331858 6334873  3113880556 ,https://yopal.olx.com.co/arriendo-apartamento-barrio-ciudad-del-carmen-yopal-iid-1060833267,NO,
27 Sep,27 Sep,HOME INMOBILIARIA COLOMBIA ,3175331858,3113880556,Apartamento,NO,Inmobiliaria,,Yopal Casanare,750000,2,60,2,1,Si,A estrenar,ARRIENDO APARTAMENTO BARRIO CIUDAD DEL CARMEN YOPAL,Apartamento consta de dos habitaciones baño social sala comedor cocina integral con cocina empotrada de dos puestos y sin campana extractora zona de lavandería un balcón Un parqueaderoEl apartamento está situado en el tercer piso sin ascensor CUALIDADES DEL SECTOR El sector tiene una gran influencia comercial ya que se encuentra cerca de supermercados restaurantes colegios almacenes entre otrosAdemás de eso cuenta con facilidad de servicio de transporte público como taxis busetas cerca al estadio de las atalayas a la calle 40 ala marginal y a dos cuadras de la fuerza aérea ÁREA CONSTRUIDA 60 M2 NRO PLANTAS 1 EDAD A ESTRENAR ESTRATO 2 VALOR M2 12500 M2 VALOR CANON 750000 CONTACTANOS HOME INMOBILIARIA YOPAL CARRERA 31 N1103 LOCAL 101 EDIFICIO SAN JUAN YOPAL Casanare Cel 3175331858 6334873  3113880556 ,https://yopal.olx.com.co/arriendo-apartamento-barrio-ciudad-del-carmen-yopal-iid-1060833267,NO,
27 Sep,27 Sep,HOME INMOBILIARIA COLOMBIA ,3208876284,3175331858,Apartamento,NO,Inmobiliaria,,Yopal Casanare,750000,3,65,2,3,No,A estrenar,ARRIENDO APARTAMENTO 302 BELLO HORIZONTE YOPAL,El Apartamento se encuentra ubicado en el tercer piso con vista hacia la carretera consta de dos alcobas Cada alcoba cuenta con closet y su baño privado sala comedor Cocina integral patio de ropas con un baño social no tiene parqueadero para carro pero cuenta con bahía de parqueo el apartamento es uno de los inmuebles más apetecidos por la ciudad de Yopal ya que se caracteriza por tener una muy buena ventilación e iluminación natural el inmueble es muy amplio CUALIDADES DEL SECTOR El sector tiene una gran influencia comercial ya que se encuentra cerca de supermercados restaurantes colegios almacenes entre otrosAdemás de eso cuenta con facilidad de servicio de transporte público como taxis busetas AREA 65 m2 Aprox EDAD A ESTRENAR  ESTRATO 3  INFORMACIÓN HOME INMOBILIARIA YOPAL Carrera 31 N1103 local 101 edificio san Juan Yopal Casanare Cel 3175331858 6334873  3208876284 ,https://yopal.olx.com.co/arriendo-apartamento-302-bello-horizonte-yopal-iid-1057055184,NO,
27 Sep,27 Sep,HOME INMOBILIARIA COLOMBIA ,3208876284,3175331858,Apartamento,NO,Inmobiliaria,,Yopal Casanare,750000,3,65,2,3,No,A estrenar,ARRIENDO APARTAMENTO 302 BELLO HORIZONTE YOPAL,El Apartamento se encuentra ubicado en el tercer piso con vista hacia la carretera consta de dos alcobas Cada alcoba cuenta con closet y su baño privado sala comedor Cocina integral patio de ropas con un baño social no tiene parqueadero para carro pero cuenta con bahía de parqueo el apartamento es uno de los inmuebles más apetecidos por la ciudad de Yopal ya que se caracteriza por tener una muy buena ventilación e iluminación natural el inmueble es muy amplio CUALIDADES DEL SECTOR El sector tiene una gran influencia comercial ya que se encuentra cerca de supermercados restaurantes colegios almacenes entre otrosAdemás de eso cuenta con facilidad de servicio de transporte público como taxis busetas AREA 65 m2 Aprox EDAD A ESTRENAR  ESTRATO 3  INFORMACIÓN HOME INMOBILIARIA YOPAL Carrera 31 N1103 local 101 edificio san Juan Yopal Casanare Cel 3175331858 6334873  3208876284 ,https://yopal.olx.com.co/arriendo-apartamento-302-bello-horizonte-yopal-iid-1057055184,NO,
27 Sep,27 Sep,HOME INMOBILIARIA COLOMBIA ,3175331858,3208876284,Apartaestudio,NO,Inmobiliaria,,Yopal Casanare,500000,3,55,1,1,No,A estrenar,ARRIENDO APARTAESTUDIO 301 BELLO HORIZONTE YOPAL,El Apartamento se encuentra ubicado en el tercer piso con vista hacia la carretera consta de una alcoba La alcoba cuenta con su respectivo closet sala comedor Cocina integral un baño social patio de ropas no tiene parqueadero para carro pero cuenta con bahía de parqueo el apto es uno de los inmuebles más apetecidos por la ciudad de Yopal ya que se caracteriza por tener una muy buena ventilación e iluminación natural el inmueble es muy amplio CUALIDADES DEL SECTOR El sector tiene una gran influencia comercial ya que se encuentra cerca de supermercados restaurantes colegios almacenes entre otrosAdemás de eso cuenta con facilidad de servicio de transporte público INFORMACIÓN EN HOME INMOBILIARIA YOPAL Carrera 31 1103 local 101 edificio san Juan Yopal Casanare Cel 3175331858  6334873  3208876284 ,https://yopal.olx.com.co/arriendo-apartaestudio-301-bello-horizonte-yopal-iid-1056952506,NO,
27 Sep,27 Sep,HOME INMOBILIARIA COLOMBIA ,3175331858,3208876284,Apartaestudio,NO,Inmobiliaria,,Yopal Casanare,500000,3,55,1,1,No,A estrenar,ARRIENDO APARTAESTUDIO 301 BELLO HORIZONTE YOPAL,El Apartamento se encuentra ubicado en el tercer piso con vista hacia la carretera consta de una alcoba La alcoba cuenta con su respectivo closet sala comedor Cocina integral un baño social patio de ropas no tiene parqueadero para carro pero cuenta con bahía de parqueo el apto es uno de los inmuebles más apetecidos por la ciudad de Yopal ya que se caracteriza por tener una muy buena ventilación e iluminación natural el inmueble es muy amplio CUALIDADES DEL SECTOR El sector tiene una gran influencia comercial ya que se encuentra cerca de supermercados restaurantes colegios almacenes entre otrosAdemás de eso cuenta con facilidad de servicio de transporte público INFORMACIÓN EN HOME INMOBILIARIA YOPAL Carrera 31 1103 local 101 edificio san Juan Yopal Casanare Cel 3175331858  6334873  3208876284 ,https://yopal.olx.com.co/arriendo-apartaestudio-301-bello-horizonte-yopal-iid-1056952506,NO,
27 Sep,27 Sep,HOME INMOBILIARIA COLOMBIA ,3208876284,3175331858,Apartaestudio,NO,Inmobiliaria,,Yopal Casanare,500000,3,55,1,1,No,A estrenar,ARRIENDO APARTAESTUDIO EN BELLO HORIZONTE YOPAL,El Apartamento se encuentra ubicado en el cuarto piso con vista Externa consta de una alcoba La alcoba cuenta con su respectivo closet sala comedor Cocina integral un baño social patio de ropas no tiene parqueadero para carro pero cuenta con bahía de parqueo el apartamento es uno de los inmuebles más apetecidos por la ciudad de Yopal ya que se caracteriza por tener una muy buena ventilación e iluminación natural el inmueble es muy amplio Vista interna CUALIDADES DEL SECTOR El sector tiene una gran influencia comercial ya que se encuentra cerca de supermercados restaurantes colegios almacenes entre otrosAdemás de eso cuenta con facilidad de servicio de transporte público como taxis busetas etc HOMEINMOBILIARIAYOPAL Carrera 31 1103 local 101 edificio san Juan Yopal Casanare Cel 3175331858 6334873 3208876284 ,https://yopal.olx.com.co/arriendo-apartaestudio-en-bello-horizonte-yopal-iid-1056897922,NO,
27 Sep,27 Sep,HOME INMOBILIARIA COLOMBIA ,3208876284,3175331858,Apartaestudio,NO,Inmobiliaria,,Yopal Casanare,500000,3,55,1,1,No,A estrenar,ARRIENDO APARTAESTUDIO EN BELLO HORIZONTE YOPAL,El Apartamento se encuentra ubicado en el cuarto piso con vista Externa consta de una alcoba La alcoba cuenta con su respectivo closet sala comedor Cocina integral un baño social patio de ropas no tiene parqueadero para carro pero cuenta con bahía de parqueo el apartamento es uno de los inmuebles más apetecidos por la ciudad de Yopal ya que se caracteriza por tener una muy buena ventilación e iluminación natural el inmueble es muy amplio Vista interna CUALIDADES DEL SECTOR El sector tiene una gran influencia comercial ya que se encuentra cerca de supermercados restaurantes colegios almacenes entre otrosAdemás de eso cuenta con facilidad de servicio de transporte público como taxis busetas etc HOMEINMOBILIARIAYOPAL Carrera 31 1103 local 101 edificio san Juan Yopal Casanare Cel 3175331858 6334873 3208876284 ,https://yopal.olx.com.co/arriendo-apartaestudio-en-bello-horizonte-yopal-iid-1056897922,NO,
27 Sep,27 Sep,HOME INMOBILIARIA COLOMBIA ,3208876284,3175331858,Apartaestudio,NO,Inmobiliaria,,Yopal Casanare,500000,3,55,1,1,No,A estrenar,ARRIENDO APARTAESTUDIO 4TO PISO EN LA CRA 19 YOPAL,DESCRIPCIÓN El Apto se encuentra ubicado en el cuarto piso con vista hacia la carretera consta de una alcoba La alcoba cuenta con su respectivo closet sala comedor Cocina integral un baño social patio de ropas no tiene parqueadero para carro pero cuenta con bahía de parqueo el apto es uno de los inmuebles más apetecidos por la ciudad de Yopal ya que se caracteriza por tener una muy buena ventilación e iluminación natural el inmueble es muy amplio Vista interna CUALIDADES DEL SECTOR El sector tiene una gran influencia comercial ya que se encuentra cerca de supermercados restaurantes colegios almacenes entre otrosAdemás de eso cuenta con facilidad de servicio de transporte público como taxis busetas etc INFORMACIÓN HOME INMOBILIARIA YOPAL Carrera 31 1103 local 101 edificio san Juan Yopal Casanare Cel 3175331858 6334873 3208876284 ,https://yopal.olx.com.co/arriendo-apartaestudio-4to-piso-en-la-cra-19-yopal-iid-1056893994,NO,
27 Sep,27 Sep,HOME INMOBILIARIA COLOMBIA ,3208876284,3175331858,Apartaestudio,NO,Inmobiliaria,,Yopal Casanare,500000,3,55,1,1,No,A estrenar,ARRIENDO APARTAESTUDIO 4TO PISO EN LA CRA 19 YOPAL,DESCRIPCIÓN El Apto se encuentra ubicado en el cuarto piso con vista hacia la carretera consta de una alcoba La alcoba cuenta con su respectivo closet sala comedor Cocina integral un baño social patio de ropas no tiene parqueadero para carro pero cuenta con bahía de parqueo el apto es uno de los inmuebles más apetecidos por la ciudad de Yopal ya que se caracteriza por tener una muy buena ventilación e iluminación natural el inmueble es muy amplio Vista interna CUALIDADES DEL SECTOR El sector tiene una gran influencia comercial ya que se encuentra cerca de supermercados restaurantes colegios almacenes entre otrosAdemás de eso cuenta con facilidad de servicio de transporte público como taxis busetas etc INFORMACIÓN HOME INMOBILIARIA YOPAL Carrera 31 1103 local 101 edificio san Juan Yopal Casanare Cel 3175331858 6334873 3208876284 ,https://yopal.olx.com.co/arriendo-apartaestudio-4to-piso-en-la-cra-19-yopal-iid-1056893994,NO,
27 Sep,26 Sep,HOME INMOBILIARIA COLOMBIA ,None,None,Casa,NO,Inmobiliaria,,Yopal Casanare,1100000,3,114,4,3,Si,Hasta 5 años,ARRIENDO APARTAMENTO EN EL CONJUNTO RESIDENCIAL HACIENDA CASA BLANCA YOPAL,UBICACIÓN CARRERA 16 CON CALLE 36 TORRE D APARTAMENTO 50 CARACTERÍSTICASÁREA CONSTRUIDA 114 M2 APROX N ALCOBAS 4 EDAD 1 A 10 años BAÑOS 3 ESTRATO 3 N PLANTAS 2 N PISO5 DESCRIPCION Se arrienda apto de 4 alcobas cada alcoba cuenta con su respectivo closet La alcoba principal cuenta con su baño privado y dos baños sociales Sala Comedor Cocina integral Patio de Ropas un estudio con terraza El apartamento se entrega totalmente encortinado El conjunto cuenta con seguridad privada las 24 hs ciclo ruta Parque infantil y ascensor CUALIDADES DEL SECTOR El sector tiene una gran influencia comercial ya que se encuentra cerca de supermercados restaurantes colegios almacenes entre otrosAdemás de eso cuenta con facilidad de servicio de transporte público como taxis busetas cerca al estadio de las atalayas a la calle 40 ala marginal y a dos cuadras de la fuerza área ,https://yopal.olx.com.co/arriendo-apartamento-en-el-conjunto-residencial-hacienda-casa-blanca-yopal-iid-1062720180,NO,
27 Sep,26 Sep,HOME INMOBILIARIA COLOMBIA ,None,None,Apartaestudio,NO,Inmobiliaria,,Yopal Casanare,900000,3,65,1,2,Si,Hasta 5 años,ARRIENDO APARTAESTUDIO YOPAL,UBICACIÓN CARRERA 24 CON CALLE 7 EDIFICIO SAINTE JULIETH APTO 503 DESCRIPCION El aparta estudio cuenta con una alcoba la alcoba cuenta con su respectivo closet y su baño privado un baño social sala con balcón comedor cocina totalmente integral patio de ropas El apartamento se entrega totalmente encortinado y con dos aires acondicionados el cual uno está ubicado en la sala y en la alcoba El edificio cuenta con circuito cerrado de cámaras las 24 hs Recepcionista Ascensor y parqueadero  CUALIDADES DEL SECTOR Se encuentra ubicado en una de las zonas más apetecidas de la ciudad ya que es un sector muy residencial de Yopal una de las zonas más llamativas de la ciudad Ya que se encuentra cerca de una gran variedad de comercios como lo son restaurantes almacenes de ropa cerca de la clínica Casanare Centros comerciales como lo son Unicentro y el HOBO con fácil acceso a transporte público ÁREA CONSTRUIDA 65 M2 AproxNRO PLANTAS 1 N PISO 5 EDAD 1 A 5 añosBAÑOS 2 N ALCOBAS 1ESTRATO 3 VALOR ADMON INCLUIDA ,https://yopal.olx.com.co/arriendo-apartaestudio-yopal-iid-1062712278,NO,
27 Sep,26 Sep,HOME INMOBILIARIA COLOMBIA ,3175331858,3113880556,Apartamento,NO,Inmobiliaria,,Yopal Casanare,750000,3,85,3,2,Si,Entre 5 y 10 años,ARRIENDO APARTAMENTO EN CUARTO PISO ALTOS DE MANARE 2 YOPAL,Apartamento está ubicado en el cuarto piso Cuenta con 3 alcobas con su closet la alcoba principal cuenta con baño privado Sala con balcón Comedor Cocina integral patio de ropa baño social El conjunto actualmente tiene piscina salón comunal y parque infantil seguridad las 24 horas CUALIDADES DEL SECTOR Se encuentra ubicado en una de las zonas más apetecidas de la ciudad ya que es un sector muy residencial de Yopal Área 85 M2 Área construida 85 m2 Aprox Uso de suelos Residencial No Plantas 1 No Piso 4 No Alcobas 3 Baños 2 Estrato 3 Valor de Arriendo 750000 Valor Administración Incluida CONTACTANOS HOME INMOBILIARIA YOPAL Carrera 31 1103 local 101 edificio san Juan Yopal Casanare Cel 3175331858 6334873  3113880556 ,https://yopal.olx.com.co/arriendo-apartamento-en-cuarto-piso-altos-de-manare-2-yopal-iid-1060599988,NO,
27 Sep,26 Sep,HOME INMOBILIARIA COLOMBIA ,None,None,None,NO,Dueño Directo,,Yopal Casanare,644888,4,767,1,2,No,Hasta 5 años,Área Qejejq,jfkskskd oskdkf ,https://yopal.olx.com.co/area-qejejq-iid-1063330045,NO,"https://www.google.com/maps/place/5.35099983215332,-72.40299987792969"
27 Sep,26 Sep,inmobiliaria Shalom Colombia,3138658033,None,Casa,NO,Inmobiliaria,,Yopal Casanare,2100000,3,320,6,4,Si,Entre 10 y 20 años,ARRIENDO CASA YOPAL,ARRIENDO CASA EN EL CENTRO DE YOPAL CONSTA DE 6 HABITACIONES 4 HABITACIONES CON CLOSET CUATRO BAÑOS COCINA INTEGRAL  SALA GARAJE PATIO GRANDE   PARA VIVIENDA EL PRECIO DEL CANON ES DE 2100000 Y PARA FINES COMERCIALES ES DE 2500000 ,https://yopal.olx.com.co/arriendo-casa-yopal-iid-1063718915,NO,
27 Sep,26 Sep,HOME INMOBILIARIA COLOMBIA ,None,None,Casa,NO,Inmobiliaria,,Yopal Casanare,1500000,3,220,5,4,Si,Entre 5 y 10 años,ARRIENDO CASA EN EL BARRIO LUZ MARIA JIMENEZ,UBICACIÓN CARRERA 8 13 47 BARRIO LUZ MARIA JIMENEZ CARACTERISTICAS AREA CONSTRUIDA 220 M2  NRO PLANTAS 3  EDAD 1 a 10 años  BAÑOS 4 ESTRATO 3 DESCRIPCION CONSTA DE PRIMER PISO Sala Comedor Cocina semi integral con estufa Estudio Una alcoba con su closet y su baño privadoun patio fresco e iluminado un lavadero al lado hay un espacio para la lavadora cuenta con un tanque subterráneo yun garage amplio SEGUNDO PISO cocina semi integral el patio con su lavadero y su espacio para la lavadora salacomedor tres alcobas con su respectivo closet dos alcobas con aire acondicionado dos alcobas tienen conexión con el balcón la alcoba principal con su baño privado y uno social TERCER PISOSala ampliaun studio con una aire acondicionado un guarda libros tiene un balcón muy amplio con vista a la calle CUALIDADES Al contar con tres niveles la casa se presta para casa unifamiliar y bifamiliar ya que cuenta con ingresos y áreas que se pueden separar si se requiriera Es un sector muy tranquilo para vivir y muy fresca CUALIDADES DEL SECTOR Al contar con tres niveles la casa se presta para casa unifamiliar y bifamiliar ya que cuenta con ingresos y áreas que se pueden separar si se requiriera Es un sector muy tranquilo para vivir y muy fresca ,https://yopal.olx.com.co/arriendo-casa-en-el-barrio-luz-maria-jimenez-iid-1062733670,NO,
27 Sep,26 Sep,HOME INMOBILIARIA COLOMBIA ,3175331858,None,Casa,NO,Inmobiliaria,,Yopal Casanare,1100000,3,100,3,3,Si,Entre 10 y 20 años,APARTAMENTO EN ARRIENDO DE TRES ALCOBAS UBICADO EN YOPAL CASANARE  SITUADO EN LA Cl 5 18 10,El apartamento consta de tres alcobas cada alcoba cuenta con su respectivo closet  una de las alcobas cuenta con un aire acondicionado sala comedor cocina integral patio de ropas el inmueble se entrega totalmente encortinado Es un apartamento amplio fresco con una buena iluminación natural ubicado en los aledaños del centro de la ciudad de Yopal  CUALIDADES DEL SECTOR Se caracteriza por ser un sector muy tranquilo se encuentra cerca al batallón del ejército nacional y a la marginal de la selva está cerca a uno de los conjuntos residenciales mas conocidos de yopal como lo son VILLA POLITA MONTEBELLO ,https://yopal.olx.com.co/apartamento-en-arriendo-de-tres-alcobas-ubicado-en-yopal-casanare-situado-en-la-cl-5-18-10-iid-1054449968,NO,
27 Sep,26 Sep,HOME INMOBILIARIA COLOMBIA ,3175331858,None,Casa,NO,Inmobiliaria,,Yopal Casanare,1050000,3,108,3,3,Si,Hasta 5 años,APARTAMENTO EN ARRIENDO 3 ALCOBAS  UBICADA EN YOPAL CASANAREEN  CARRERA 28  2759 SEGUNDO PISO,Apartamento en segundo piso en vivienda multifamiliar con excelentes acabados en su totalidad consta de 3 alcobas con buena iluminación natural una de ellas con balcón y las otras dos con baño privado también tiene un baño social con ducha siendo un total de 3 baños Viene equipado con cocina integral campana con mesón en mármol y muebles de cocina Apartamento con buena entrada de viento pues posee ventanas en varias zonas del inmueble Además a esto cuenta con tanque de agua subterráneo y uno aéreo y una bahía de parqueo privado para carro y moto  CUALIDADES DEL SECTOR ubicado en uno de los sectores más llamativos de la ciudad a pocos metros de los hoteles GHL STYLE y HAMPTON y detrás del CC ALCARAVAN y ÉXITO ,https://yopal.olx.com.co/apartamento-en-arriendo-3-alcobas-ubicada-en-yopal-casanareen-carrera-28-27-59-segundo-piso-iid-1054446731,NO,
27 Sep,26 Sep,HOME INMOBILIARIA COLOMBIA ,3175331858,None,Casa,NO,Inmobiliaria,,Yopal Casanare,900000,3,82,3,2,Si,Hasta 5 años,APARTAMENTO EN ARRIENDO UBICADO EN YOPAL  CONJUNTO RESIDENCIAL HACIENDA  CASA BLANCA I 204 CRA 16 36  35,DESCRIPCIÓN Se arrienda apartamento I 204 de Casa Blanca Consta de tres alcobas Sala con balcon Comedor Cocina integral Patio de ropas Cada alcoba cuenta con su respectivo closet La alcoba principal cuenta con baño privado y un baño social El apartamento se entrega totalmente encortinado  ÁREA DE SERVICIO Depósito en sótano y garajeEl edificio cuenta con ascensor gimnasio cancha de squash baño turco ciclo ruta parque infantil amplios espacios 100 peatonales Tiene proyectado tener piscina y salón comunal ,https://yopal.olx.com.co/apartamento-en-arriendo-ubicado-en-yopal-conjunto-residencial-hacienda-casa-blanca-i-204-cra-16-36-35-iid-1054418455,NO,
27 Sep,26 Sep,HOME INMOBILIARIA COLOMBIA ,3175331858,None,Apartaestudio,NO,Inmobiliaria,,Yopal Casanare,900000,4,47,1,2,Si,Hasta 5 años,APARTAESTUDIO EN ARRIENDO UBICADO EN YOPAL CONJUNTO RESIDENCIAL CAMINOS DE SIRIVANA APTO 403 TORRE D,DISTRIBUCIÓN Una alcoba estudio sala Comedor cocina integral patio de ropas dos baños garaje excelente ubicación con ascensor panorámico tanque subterráneo pozo profundo planta eléctrica para zonas comunes vigilancia las 24 horas  AREAS SOCIALES Dos piscinas semi olímpicas cancha de tenis cancha de squash cancha de baloncesto parque infantil zona BBQ y zonas verdes  CUALIDADES DEL SECTOR El predio se encuentra en una de las mejores zonas de la ciudad ya que está situado a unas cuadras del centro comercial Unicentro y la carrera 29 con fácil acceso a clínicas restaurantes comercio y el centro de la ciudad ,https://yopal.olx.com.co/apartaestudio-en-arriendo-ubicado-en-yopal-conjunto-residencial-caminos-de-sirivana-apto-403-torre-d-iid-1054308999,NO,
27 Sep,26 Sep,HOME INMOBILIARIA COLOMBIA ,3175331858,None,Apartamento,NO,Inmobiliaria,,Yopal Casanare,700000,3,100,2,2,No,Entre 5 y 10 años,APTO EN ARRIENDO DOS ALCOBAS UBICADO EN YOPAL EN LA CARRERA 27 CON 19 ESQUINA,CARACTERÍSTICAS  AREA 100 m2  ÁREA CONSTRUIDA 100 m2  NRO PLANTAS 2do piso  EDAD 35 años  BAÑOS 2  ESTRATO 3  ALCOBAS  2  DESCRIPCIÓN Apartamento 2do piso ubicado en la carrera 27 con calle 19 esquina  1903 el apartamento cuenta con 2 alcobas 2 baños espacio para cocina y sala un balcón con excelente iluminación posee servicios de agua luz y gas SIN GARAJE CON OPCIÓN SOLO PARA GUARDAR UNA MOTO  CUALIDADES DEL SECTOR Dicho apartamento se encuentra situado en uno de los sectores de mayor acopio comercial puesto a que se encuentra comunicado por la cr 27 a dos cuadras de la cr 29 principal via de transito y comercio del sector cercano a centros comerciales de importancia como lo son  el Hobo y Unicentro en sus alrededores con variedad de restaurantes y hoteles ,https://yopal.olx.com.co/apto-en-arriendo-dos-alcobas-ubicado-en-yopal-en-la-carrera-27-con-19-esquina-iid-1054445456,NO,
27 Sep,25 Sep,HOME INMOBILIARIA COLOMBIA ,None,None,Casa,NO,Inmobiliaria,,Yopal Casanare,1500000,3,220,4,4,Si,Entre 5 y 10 años,ARRIENDO CASA LUZ MARIA JIMENEZ,UBICACIÓN CARRERA 8 13 47 BARRIO LUZ MARIA JIMENEZ CARACTERISTICAS ÁREA CONSTRUIDA 220 M2  NRO PLANTAS 3  EDAD 1 a 10 años  BAÑOS 4  ESTRATO 3  DESCRIPCIÓN CONSTA DE PRIMER PISO Sala Comedor Cocina semi integral con estufa Studio Una alcoba con su closet y su baño privadoun patio fresco e iluminado un lavadero al lado hay un espacio para la lavadora cuenta con un tanque subterráneo y un garage amplio SEGUNDO PISO cocina semi integral el patio con su lavadero y su espacio para la lavadora salacomedor tres alcobas con su respectivo closet dos alcobas con aire acondicionado dos alcobas tienen conexión con el balcón la alcoba principal con su baño privado y uno social TERCER PISO Sala ampliaun studio con una aire acondicionado un guarda libros tiene un balcón muy amplio con vista a la calle CUALIDADES Al contar con tres niveles la casa se presta para casa unifamiliar y bifamiliar ya que cuenta con ingresos y áreas que se pueden separar si se requiriera Es un sector muy tranquilo para vivir y muy fresca CUALIDADES DEL SECTOR Al contar con tres niveles la casa se presta para casa unifamiliar y bifamiliar ya que cuenta con ingresos y áreas que se pueden separar si se requiriera ,https://yopal.olx.com.co/arriendo-casa-luz-maria-jimenez-iid-1063134323,NO,
27 Sep,25 Sep,HOME INMOBILIARIA COLOMBIA ,3175331858,None,Casa,NO,Inmobiliaria,,Yopal Casanare,3000000,2,200,4,5,Si,Entre 10 y 20 años,ARRIENDO CASA BARRIO LA CAMPIÑA,UBICACIÓN CALLE 25 6  58 CARACTERÍSTICASÁREA 500 M2  ÁREA CONSTRUIDA 200 M2  NRO PLANTAS 2  No ALCOBAS 4  BAÑOS 5  ESTRATO 2  EDAD 10 A 15 AÑOS DESCRIPCIÓN La casa cuenta con área aproximada de 500 m2 LOTE de construido tiene 200 M2 aproximadamente se encuentra ubicado el barrio la campiña el inmueble consta de dos plantas la primer planta cuenta con dos locales el cual uno de ellos tiene baño privado también una habitación con baño privado sala comedor cocina zona de lavado y un patio bastante grande SEGUNDO PISO cuenta con cocina integral sala comedor tres alcobas la alcoba principal cuenta con baño privado su respectivo y un balcón las otras dos alcobas tienen su baño privado y su respectivo closet una de las alcobas auxiliares cuenta con terraza CUALIDADES DEL SECTOR El sector tiene una gran influencia residencial cuenta con facilidad de servicio de transporte público actualmente el sector está proyectado en aumento de valorización por m2 ,https://yopal.olx.com.co/arriendo-casa-barrio-la-campina-iid-1063484178,NO,
27 Sep,19 Sep,inmobiliaria Shalom Colombia,3187947264,None,Casa,NO,Inmobiliaria,,Yopal Casanare,750000000,3,280,2,3,Si,Entre 20 y 50 años,SE VENDE CASA CON  LOCAL Y APARTAMENTO,Se vende casa en un muy buen sector de yopal con local comercial con mas de 20 de años de acreditación local amplio con cocina y patio en el segundo piso esta ubicado parte del local para atención y zona de recreación para niños como parque y otros atractivos apartamento amplio cuenta con dos habitaciones dos baños y un baño tiene tina cocina integral barra americana sala comedor y patio de ropas   se acepta permuta por casa o apartamento en boyaca o ibague ,https://yopal.olx.com.co/se-vende-casa-con-local-y-apartamento-iid-1049443459,SI,
27 Sep,25 Sep,inmobiliaria Shalom Colombia,3187947264,None,Apartamento,NO,Inmobiliaria,,Yopal Casanare,1200000,3,124,3,3,Si,A estrenar,ARRIENDO APARTAMENTO  YOPAL,SE arriendo apartamento en conjunto villa polita apartamento de 3 habitación con clóset  3 baños  el apartamento cuenta con 2  balcones con garaje y deposito ,https://yopal.olx.com.co/arriendo-apartamento-yopal-iid-1054609179,NO,
27 Sep,25 Sep,inmobiliaria Shalom Colombia,3187947264,None,Apartamento,NO,Inmobiliaria,,Yopal Casanare,1200000,3,94,2,2,Si,Entre 5 y 10 años,ARRIENDO APARTAMENTO,Se arrienda apartamento de 2 habitaciones con closet 2 baños sala comedor cocina integral dos balcones esta ubicado muy cerca del centro comercial alcaraván edificio cuenta con piscina tiene vigilancia 24 horas ,https://yopal.olx.com.co/arriendo-apartamento-iid-1054623617,NO,
27 Sep,25 Sep,inmobiliaria Shalom Colombia,3187947264,None,Casa,NO,Inmobiliaria,,Yopal Casanare,300000000,3,800,4,6,Si,Entre 5 y 10 años,SE VENDE CASA CAMPESTRE VÍA PALOMA,Se vende casa campestre vía palomas consta de cuatro habitaciones con su respectivo baño cada una en total tiene 6 baños sala comedor y zona de lavado con todos los servicios agua luz y gas en total en terreno tiene 800 m2 y construidos  tiene 300 m2 cuenta con amplias zonas verdes ,https://yopal.olx.com.co/se-vende-casa-campestre-via-paloma-iid-1060148876,NO,
27 Sep,25 Sep,inmobiliaria Shalom Colombia,3187947264,None,None,NO,Inmobiliaria,,Yopal Casanare,900000,3,65,1,1,Si,A estrenar,SE ARRIENDA APARTE ESTUDIO,Se arrienda aparte estudio en el edificio torre 28 esta ubicado en un muy buen sector de la cuidad tiene cocina integral balo habitación con clóset ,https://yopal.olx.com.co/se-arrienda-aparte-estudio-iid-1045751588,NO,
27 Sep,25 Sep,inmobiliaria Shalom Colombia,3187947264,None,Casa,NO,Inmobiliaria,,Yopal Casanare,230000000,3,100,3,3,Si,Hasta 5 años,SE VENDE CASA,Se vende  casa para estrenar con tres habitaciones todas con closet habitación principal  con baño privado  tres baños aire acondicionado cocina integral sala comedor amplio garaje ,https://yopal.olx.com.co/se-vende-casa-iid-1049181705,NO,
27 Sep,25 Sep,HOME INMOBILIARIA COLOMBIA ,3175331858,None,Apartamento,NO,Inmobiliaria,,Yopal Casanare,1450000,3,98,3,2,Si,Entre 5 y 10 años,APARTAMENTO EN ARRIENDO YOPAL,UBICACIÓN Carrera 25 No 15 a  34 Edificio el Trébol Apto 201 CARACTERÍSTICAS ÁREA CONSTRUIDA 98m2 APROX  N PLANTAS 1  PISO EDAD 1 a 8 Años  BAÑOS 2  ESTRATO 3 BAJO   VALOR M2 142100 DESCRIPCIÓN Apartamento Consta de tres Habitaciones Todas Con Closet la principal con baño privado baño social sala comedor cocina integral con Campana extractora y Horno microondas patio de ropas Terraza Un parqueadero El apartamento está situado en el segundo piso Y se entrega totalmente encortinado El edificio cuenta con ascensor y seguridad las 24 horas CUALIDADES DEL SECTOR El sector tiene una gran influencia comercial ya que se encuentra cerca de supermercados restaurantes colegios almacenes entre otrosAdemás de eso cuenta con facilidad de servicio de transporte público como taxis y busetas ,https://yopal.olx.com.co/apartamento-en-arriendo-yopal-iid-1063475425,NO,
27 Sep,25 Sep,licitar,3102128374,None,Casa,NO,Dueño Directo,,Yopal Casanare,500000,3,60,2,1,None,Hasta 5 años,Arriendo apartamento central segundo piso cerca al Idury en Yopal Casanare,Dos alcobas un baño sala comedor cocina semi integral patio de ropas 60 m2 incluye televisión y gas tanques de almacenamiento y bombeo espacio para guardar moto Cr19a2060 llamar ,https://yopal.olx.com.co/arriendo-apartamento-central-segundo-piso-cerca-al-idury-en-yopal-casanare-iid-909104903,NO,"https://www.google.com/maps/place/5.338051795959473,-72.39586639404297"
27 Sep,25 Sep,Mauricio P,3108054736,None,Habitación,SI,Dueño Directo,,Yopal Casanare,395000,4,23,1,1,None,Hasta 5 años,ARRIENDO HABITACIÓN EN HOTEL DEL CENTRO DE YOPAL,Arriendo habitaciones amobladas con ventilador minibar mesa de trabajo televisor LCD de 32 pulgadas baño privado camas dobles con servicio de wifi gratuito servicio de lavanderia persona sola ubicadas en el centro de Yopal INF 3108054736 ,https://yopal.olx.com.co/arriendo-habitacion-en-hotel-del-centro-de-yopal-iid-886057216,NO,"https://www.google.com/maps/place/5.346341133117676,-72.4007568359375"
27 Sep,24 Sep,casayfincainmobiliaria541,3118981252,None,Casa,NO,None,,Yopal Casanare,650000,3,1,3,2,None,Entre 5 y 10 años,SE ARRIENDA CASA ECONOMICA EN YOPAL  wasi1551656,SE ARRIENDA CASA AMPLIA UBICADA EN LA CRA 23 CON 16 CONSTA DE TRES ALCOBAS DOS BAÑOS SALA COMEDOR COCINA PATIO ZONA DE LAVANDERIA TANQUE SUBTERRANEO Y BAHIA PARA PARQUEAR ,https://yopal.olx.com.co/se-arrienda-casa-economica-en-yopal-wasi-1551656-iid-1063692921,NO,
27 Sep,24 Sep,casayfincainmobiliaria541,3118981252,None,Casa,NO,None,,Yopal Casanare,1000000,3,1,3,3,None,Entre 5 y 10 años,SE ARRIENDA CASA AMPLIA YOPAL  wasi998392,SE ARREIDNA CASA UBICADA EN LA CALLE 21 CON 33 CONSTA DE TRES ALCOBAS CON CLOSET TRES BAÑOS SALA COMEDOR COCINA INTEGRAL ZONA DE LAVANDERIA PATIO AMPLIO PARQUEADERO TANQUE SUBTERRANEO EXCELENTES ACABADOS ,https://yopal.olx.com.co/se-arrienda-casa-amplia-yopal-wasi-998392-iid-1063692787,NO,
27 Sep,23 Sep,fernandete13,3114628011,None,Habitación,SI,Dueño Directo,,Yopal Casanare,580000,4,25,1,1,Si,Entre 5 y 10 años,Habitacion amoblada cerca unicentro,Habitacion amoblada con aire acondicionado NeveraZona de ropas Zona de CafeteriaParqeaderoCon servicios incluidoscerca a Unicentro y Clinica Casanare ,https://yopal.olx.com.co/habitacion-amoblada-cerca-unicentro-iid-1045194634,NO,"https://www.google.com/maps/place/5.348999977111816,-72.4010009765625"
27 Sep,19 Sep,casayfincainmobiliaria541,3118981252,None,Casa,NO,None,,Yopal Casanare,1200000,3,130,3,2,None,Entre 5 y 10 años,SE ARRIENDA CASA BARRIO LA PRADERA  YOPAL  wasi1549533,SE ARRIENDA CASA CONSTA DE TRES ALCOBAS ESTUDIO SALA COMEDOR COCINA INTEGRAL ZONA DE LAVANDERIA PARQUEADERO 2 BAÑOS CON DUCHA PATIO DE ROPAS UBICADA EN LA CRA 29 CON 12A ESQUINA FRENTE A LA CLINICA CASANARE ,https://yopal.olx.com.co/se-arrienda-casa-barrio-la-pradera-yopal-wasi-1549533-iid-1063281503,NO,
27 Sep,15 Sep,M Arturo Gomez C,3214464185,None,Casa,NO,Dueño Directo,,Yopal Casanare,1100000,3,104,3,2,Si,Hasta 5 años,Arriendo apartamento en Yopal Casanare,Apartamento amplio con buena ubicación en Yopal se compone de cuarto piso sin ascensor tiene 3 habitaciones con closet la principal con baño privado aire acondicionado en la sala y en la habitación principal cocina integral estudio dos balcones el apartamento cuenta con parqueadero cubierto deposito piscina esta en  conjunto cerrado con vigilancia las 24 horas ,https://yopal.olx.com.co/arriendo-apartamento-en-yopal-casanare-iid-1062952171,NO,"https://www.google.com/maps/place/5.330999851226807,-72.39800262451172"
27 Sep,13 Sep,Tatiana Rodriguez M,3123020584,None,Casa,NO,Dueño Directo,,Yopal Casanare,550000,2,150,3,2,No,Entre 10 y 20 años,Se Arrienda Casa,casa de 3 habitaciones salacomedor 2 baños patio cuentamcon tanque subterraneo y lavadero Precio incluye serv de agua ,https://yopal.olx.com.co/se-arrienda-casa-iid-1062779530,NO,"https://www.google.com/maps/place/5.332932949066162,-72.39534759521484"
27 Sep,7 Sep,eugenia,3214906024,None,Apartamento,NO,Dueño Directo,,Yopal Casanare,350000,2,70,1,1,No,Hasta 5 años,se arrienda aparta estudio,alcoba grande salas comedorcocinabaño patio de ropasbalcón tercer piso servicio de agua gas luz No parqueadero motospersona sola o pareja solo Colombianos carrera 16A  Nº 3509 barrio 20 de julio cel 3214906024 ,https://yopal.olx.com.co/se-arrienda-aparta-estudio-iid-1062258167,NO,"https://www.google.com/maps/place/5.324999809265137,-72.39199829101562"
27 Sep,7 Sep,casayfincainmobiliaria541,3118981252,None,Casa,NO,None,,Yopal Casanare,500000,3,1,2,1,None,Entre 5 y 10 años,SE ARRIENDA CASA YOPAL  wasi1517300,SE ARRIENDA CASA UBICADA EN EL BARRIO SAN ANDRES CONSTA DE DOS ALCOBAS UN BAÑO SALA COMEDOR COCINA ZONA DE LAVANDERIA Y TANQUE SUBTERRANEO ,https://yopal.olx.com.co/se-arrienda-casa-yopal-wasi-1517300-iid-1062229540,NO,
27 Sep,7 Sep,casayfincainmobiliaria541,3118981252,None,Apartamento,NO,None,,Yopal Casanare,800000,3,1,1,1,None,Entre 5 y 10 años,SE ARRIENDA APARTA ESTUDIO YOPAL  wasi1517172,SE ARRIENDA ESPECTACULAR APARTA ESTUDIO EN EXCLUSIVO EDIFICIO DE YOPAL CASANARE CONSTA DE SALA COMEDOR COCINA INTEGRAL ZONA DE LAVANDERIA  AREA DE ESTUDIO ALCOBA CON AIRE ACONDICIONADO PARQUEADERO Y DEPOSITO EL CANON DE ARRENDAMIENTO INCLUYE LA ADMINISTRACION ,https://yopal.olx.com.co/se-arrienda-aparta-estudio-yopal-wasi-1517172-iid-1062229184,NO,
27 Sep,4 Sep,Erika Alejandra C,None,None,None,NO,Dueño Directo,,Yopal Casanare,270000,3,10,1,1,Si,Entre 5 y 10 años,Se arrienda habitacin,Se arrienda abitacin comoda compartir apartamento parqueadero moto ,https://yopal.olx.com.co/se-arrienda-habitacin-iid-1062040146,NO,"https://www.google.com/maps/place/5.3456034660339355,-72.40263366699219"
27 Sep,4 Sep,casayfincainmobiliaria541,3118981252,None,None,NO,None,,Yopal Casanare,14000000,3,900,3,None,None,Entre 5 y 10 años,SE ARRIENDA EDIFICIO AMPLIO Y CENTRAL EN YOPAL  wasi863765,SE ARRIENDA AMPLIO EDIFICIO USO HOTELERO O EMPRESARIAL EN YOPAL POSEE LAS SIGUIENTES CARACTERISTICASPRIMER PISO RECEPCION UNA OFICINA COMEDOR STAR COCINA 2 BAÑOS ZONA DE LAVANDERIASEGUNDO PISO CONSTA DE 11 ALCOBAS U OFICINAS CON BAÑO Y AIRES ACONDICIONADOTERCER PISO CONSTA DE 11 ALCOBAS U OFICINAS CON BAÑO Y AIRES ACONDICIONADO EXCELENTES ACABADOS ,https://yopal.olx.com.co/se-arrienda-edificio-amplio-y-central-en-yopal-wasi-863765-iid-1061958170,NO,
27 Sep,4 Sep,casayfincainmobiliaria541,3118981252,None,Casa,NO,None,,Yopal Casanare,1000000,3,1,4,4,None,Entre 5 y 10 años,SE ARRIENDA CASA BARRIO HELECHOS EN YOPAL  wasi1507389,SE ARRIENDA ESPECTACULAR CASA EN CONJUNTO RESIDENCIAL  BARRIO LOS HELECHOS DE YOPALCASA Y FINCA INMOBILIARIA SAS ofrece casa con buenos acabados y ubicada en excelente zona residencial de la ciudad cerca a los mejores centros comerciales clínicas colegios y almacenes de mercado Su DistribuciónHabitaciones Habitación principal con closet pisotecho baño privado balcón con vista al interior del Conjunto Habitación auxiliar 1 con closet pisotecho en el segundo nivel Habitación auxiliar 2 con closet pisotecho en el segundo nivel Habitación del servicio con baño privado se encuentra en el primer nivelÁreas de recreación y ocio Sala con amplio espacio para sofá seccional independiente del comedor Comedor con amplio espacio Zona de BBQ yo patio de ropas con entrada solarÁreas de servicio Cocina semiintegral de 4 puestos Zona de lavandería externa y cubierta bajo techo con lavadero grande Área de estacionamiento con capacidad para 3 autos y 2 motos dentro del conjunto residencial Un baño socialDISFRUTE DE UNA CASA CON EXCELENTE UBICACIÓN Y FÁCIL ACCESO A LOS MEJORES CENTROS COMERCIALES ,https://yopal.olx.com.co/se-arrienda-casa-barrio-helechos-en-yopal-wasi-1507389-iid-1061957930,NO,
27 Sep,2 Sep,comercial2264,3213107339,None,Casa,SI,None,,Yopal Casanare,2600000,4,105,3,2,None,Entre 5 y 10 años,SE ARRIENDA APARTAMENTO AMOBLADO  YOPAL CASANARE  wasi1289411,Excente ubicación en el mejor conjunto de Yopal frente a la piscina encortinadofull amobladoaire acondicionado ventiladorcalentadordeposito garajecon club housecircuito cerradopozo profundovigilancia 24 horasa dos cuadras de unicentrocerca a colegiosuniversidadessitos turisticos CONTACTO JANETH CASTRO 31674933123004007729 ,https://yopal.olx.com.co/se-arrienda-apartamento-amoblado-yopal-casanare-wasi-1289411-iid-1053561188,NO,
27 Sep,27 Ago,roberto gomez v,3504579454,3504579454,Apartamento,NO,Dueño Directo,,Yopal Casanare,500000,3,50,4,1,No,A estrenar,Se Arrienda Apto en Bogota Ciudad Verde,arriendo apto Bta Ciudad  Verde más información al celular 3504579454 ,https://yopal.olx.com.co/se-arrienda-apto-en-bogota-ciudad-verde-iid-1061294591,NO,"https://www.google.com/maps/place/5.317999839782715,-72.3949966430664"
27 Sep,25 Ago,Carlos Julio G,3153386971,None,Casa,NO,Dueño Directo,,Yopal Casanare,0,2,162,3,1,Si,Entre 5 y 10 años,Se arrienda casa amplia en Yopal  casanare,Se arreinda casa amplia en yopal casanare  localizada en la dirección carrera 21 3860 barrio aerocivil  frente al colegio ITEY ,https://yopal.olx.com.co/se-arrienda-casa-amplia-en-yopal-casanare-iid-1061137388,NO,"https://www.google.com/maps/place/5.324999809265137,-72.38700103759766"
27 Sep,25 Ago,Martin M,3133524683,None,Habitación,NO,Dueño Directo,,Yopal Casanare,350000,3,11,1,1,None,Hasta 5 años,ARRIENDO HABITACIÓN,EN ZONA RESIDENCIAL DE YOPAL ARRIENDO CONFORTABLE HABITACION CON CLOSET BAÑO PRIVADO CON DIVISION EN VIDRIO SALIDA INDEPENDIENTE CERCA A UNICENTRO CLINICAS BANCOS SUPERMERCADOS RUTA DE BUS ETC  EL PRECIO INCLUYE SERVICIOS DE AGUA LUZ TV CABLE Y WI FI  INFORMACION 3133524683                 VALOR 350000 ,https://yopal.olx.com.co/arriendo-habitacion-iid-1061087433,NO,"https://www.google.com/maps/place/5.364999771118164,-72.41200256347656"
27 Sep,27 Jul,Altos de San M,3138318652,None,Apartamento,NO,Dueño Directo,,Yopal Casanare,650000,4,50,1,1,Si,Entre 20 y 50 años,Arriendo cómodo y amplio apartamento con dos patios interiores,Arriendo cómodo apartamento de 50m2 con una habitación en la calle 4 Altos de San Martín Dos patios privados con lavadero exterior y tendederos un baño closet amplio y cocina integral con estufa de gas en conjunto cerrado de casas con amplias zonas verdes bbq y piscina frente al Río Cravo Sur  Amplio fresco y con muy buena iluminación natural en una ubicación excelente en la calle 4 a pocas cuadras del parque Ramón Nonato Pérez y la Plaza Francisco de Paula Santander en el centro de Yopal   El valor incluye la cuota de administración y el servicio de agua  Opcionalmente se incluye lavadora o nevera si se necesita ,https://yopal.olx.com.co/arriendo-comodo-y-amplio-apartamento-con-dos-patios-interiores-iid-1058543470,NO,"https://www.google.com/maps/place/5.353000164031982,-72.40299987792969"
27 Sep,24 Ago,Altos de San M,3138318652,None,Casa,NO,Dueño Directo,,Yopal Casanare,1600000,4,150,3,3,Si,Entre 10 y 20 años,Arriendo amplia casa en la calle 4 conjunto cerrado Altos de San Martín 150m2,Arriendo hermosa casa en la calle 4 Altos de San Martín150m2 3 alcobas 3 baños más cuarto de servicio en conjunto cerrado de casas con zonas verdes y piscina frente al Río Cravo Sur  Amplia y fresca con una ubicación excelente en la calle 4 a pocas cuadras del parque Ramón Nonato Pérez y la Plaza Francisco de Paula Santander en el centro de Yopal Cuenta con parqueadero privado Cocina integral con zona de lavandería y ropas patio interior terraza y varios espacios con un magnífico diseño arquitectónico  El valor incluye la cuota de administración y el servicio de agua ,https://yopal.olx.com.co/arriendo-amplia-casa-en-la-calle-4-conjunto-cerrado-altos-de-san-martin-150m2-iid-1029251745,NO,"https://www.google.com/maps/place/5.353000164031982,-72.40299987792969"
27 Sep,24 Ago,comercial2264,3213107339,None,Casa,NO,None,,Yopal Casanare,3000000,4,350,3,3,None,Entre 5 y 10 años,SE ARRIENDA CASA YOPALCASANARE  wasi1071062,Excelente ubicacióna una cuadra de centro comercial Unicentro esta encortinada con aire acondicionadoalcoba principal con jacuzzibuenos acabdos distribucciónventilacióngaraje para cuatro  carros sirve para empresa Ipsoficinas o vivienda La casa se cuenta con cámaras de seguridad y citofono CONTACTO JANETH CASTRO 31674933123004007729 ,https://yopal.olx.com.co/se-arrienda-casa-yopal-casanare-wasi-1071062-iid-1052776888,NO,
27 Sep,23 Ago,apartamentovencedores537,3115150512,None,Apartamento,NO,Dueño Directo,,Yopal Casanare,650000,2,60,3,1,Si,Entre 5 y 10 años,Arriendo Apto Ciudadela Vencedores,Apartamento en arriendo para estrenar 3 alcobas 1 baño parqueadero 5o piso cocina integral zonas verdes Directamente ,https://yopal.olx.com.co/arriendo-apto-ciudadela-vencedores-iid-1060964316,NO,"https://www.google.com/maps/place/5.3379998207092285,-72.40299987792969"
27 Sep,17 Ago,comercial2264,3213107339,3114803927,Casa,NO,None,,Yopal Casanare,2500000,3,1,4,3,None,Entre 20 y 50 años,SE ARRIENDA CASA YOPAL CASANARE  wasi897650,Hermosa casa de dos plantas en exelente sector residencial amplia alli funcionaba un colegio especial para oficinas a unas cuadras del centro comercial unicentro contacto LUCERO MORALES 3114803927 ,https://yopal.olx.com.co/se-arrienda-casa-yopal-casanare-wasi-897650-iid-1060427853,NO,
27 Sep,17 Ago,comercial2264,3213107339,None,Casa,NO,None,,Yopal Casanare,2400000,4,162,3,3,None,A estrenar,SE ARRIENDA APARTAMENTO EN YOPALCASANARE  wasi862296,Excelente ubicaciónen el mejor conjunto residencial de yopal con club housecircuito cerrado vigilancia 24 horaspozo profundo tanque subterraneoplanta electrica para zonas comunes ascensor panoramicocon aire acondicionadoventiladoresagua calientepunto de BBQ en la terraza con parqueadero doble y depositoCerca a unicentroa clinicas centro turisticos CONTACTOJANETH CASTRO 31674933123004007729 ,https://yopal.olx.com.co/se-arrienda-apartamento-en-yopal-casanare-wasi-862296-iid-1060427611,NO,
27 Sep,17 Ago,comercial2264,3213107339,None,Casa,NO,None,,Yopal Casanare,1800000,4,105,3,2,None,Hasta 5 años,SE ARRIENDA APARTAMENTO YOPAL CASANARE  wasi989679,Excelente ubicaciónen el mejor conjunto cerrado de Yopal buenos acabadosdistribución e iluminacióncon club house pozo profundo planta electricacircuito cerradovigilancia 24 horas aire acondicionadoencortinadoagua calientecerca a centro comercial Uniceentroclinicas bancoscolegio universidades y sitiuos turisticos CONTACTO JANETH CASTRO RUIZ 31674933123004007729 ,https://yopal.olx.com.co/se-arrienda-apartamento-yopal-casanare-wasi-989679-iid-1060427265,NO,
27 Sep,15 Ago,daniel g,3112854161,None,Casa,NO,Dueño Directo,,Yopal Casanare,1200000,3,134,4,2,Si,Hasta 5 años,Se Vende Ose Arrienda Duplex Casa Blanca,Duplex 4 habitaciones terraza parquedero doble precio incluye administracion ,https://yopal.olx.com.co/se-vende-ose-arrienda-duplex-casa-blanca-iid-1060217729,NO,"https://www.google.com/maps/place/5.348999977111816,-72.4010009765625"
27 Sep,14 Ago,mayra B,3107871764,3138478547,Habitación,NO,Dueño Directo,,Yopal Casanare,200000,3,12,1,1,No,Entre 5 y 10 años,Habitacion Frente a Unitropico,Se arrienda habitación en segundo piso  con entrada independiente incluye  Agua  Luz  Tv cable  Wifi el baño se comparte con 1 persona Psd persona sola  Información al 3107871764  3138478547  Carrera 1939a31 Canon 200000 ,https://yopal.olx.com.co/habitacion-frente-a-unitropico-iid-1060138979,NO,"https://www.google.com/maps/place/5.348903179168701,-72.40052032470703"
27 Sep,9 Ago,comercial2264,3213107339,None,Casa,SI,None,,Yopal Casanare,2500000,3,540,1,5,None,Entre 5 y 10 años,SE ARRIENDA CASA AMOBLADA YOPAL CASANARE  wasi1210638,Excelente ubicaciónbuenos cabados campestre amoblada con aire acondicionadocircuito cerradoencortinadaamplia areas zona lavanderia  sala comedor independientebuena seguridad zona verde con BBQtanque subterraneo12000 litros riego interno parqueadero ampli para 4 carros Contacto JANETH CASTRO RUIZ 31674933123004007729 ,https://yopal.olx.com.co/se-arrienda-casa-amoblada-yopal-casanare-wasi-1210638-iid-1051102711,NO,
27 Sep,5 Ago,Victor G,3114749517,3114749517,None,NO,Dueño Directo,,Yopal Casanare,1200000,3,117,4,4,Si,Hasta 5 años,Arriendo,Arriendo apto duplex en Yopal Informacin al 3114749517 y 3112854161 ,https://yopal.olx.com.co/arriendo-iid-1059377499,NO,"https://www.google.com/maps/place/5.34660005569458,-72.3954849243164"
27 Sep,5 Ago,emilsesandoval201,3112909745,None,Casa,NO,Dueño Directo,,Yopal Casanare,700000,3,250,4,2,Si,Entre 5 y 10 años,Se arrienda casa,Casa ubicada en el barrio Villa Docente II Km 3 via morichal en la ciudad de Yopal Casanare cuenta con 4 habitaciones dos baños sala comedor cocina integral patio de ropas ,https://yopal.olx.com.co/se-arrienda-casa-iid-1059344975,NO,"https://www.google.com/maps/place/5.348999977111816,-72.4010009765625"
27 Sep,5 Ago,Luz Dary M,None,None,Casa,NO,Dueño Directo,,Yopal Casanare,600000,2,92,3,2,Si,Entre 5 y 10 años,SE ARRIENDA HERMOSA CASA YOPAL CASANARE,Se arrienda Casa de Segundo piso Consta de 3 habitaciones 2 baños uno de ellos privados sala comedor patio de ropas balcón cocina garaje para moto Esta cerca de colegios vías principales parquessector seguro es muy fresca Totalmente para estrenar  Cel 31021251903057133591 ,https://yopal.olx.com.co/se-arrienda-hermosa-casa-yopal-casanare-iid-1059310551,NO,"https://www.google.com/maps/place/5.348999977111816,-72.4010009765625"
27 Sep,31 Jul,danielacleal1454795110000,None,None,Apartamento,NO,Dueño Directo,,Yopal Casanare,900000,3,117,3,3,Si,Entre 5 y 10 años,Arriendo Apartamento de 117 metros cuadrados barrio los helechos,estudio sala comedor cocina patio de ropa El arriendo incluye adm ,https://yopal.olx.com.co/arriendo-apartamento-de-117-metros-cuadrados-barrio-los-helechos-iid-1058873645,NO,"https://www.google.com/maps/place/5.348903179168701,-72.40052032470703"
27 Sep,30 Jul,María Fernanda Vesga D,3105634509,None,Apartaestudio,NO,Dueño Directo,,Yopal Casanare,480000,4,40,1,1,No,Hasta 5 años,Arriendo Apartaestudio,Cómodo aparta estudio ubicado entre unicentro y el colegio Braulio González sede centro Cuenta con una habitación un baño hall a la entrada cocina integral Incluye los servicios de Internet WiFi agua luz gas y servicio de lavadora para su uso Cel 3105634509 ,https://yopal.olx.com.co/arriendo-apartaestudio-iid-1058771503,NO,"https://www.google.com/maps/place/5.3372297286987305,-72.40637969970703"
27 Sep,18 Jul,janethcastro156,3004007729,None,Casa,NO,None,,Yopal Casanare,900000,3,84,3,3,None,Entre 5 y 10 años,SE ARRIENDA APARTAMENTO DUPLEX YOPALCASANARE  wasi1332905,Buena ubicaciónexcelentes acabados buena ventilación super frescono le llega el sol de la tardetiene bibliotecacada alcoba tiene baño encortinadoCerca al centro comercial Alcaravancolegios universidades CONTACTO JANETH CASTRO RUIZ 31674933123004007729 ,https://yopal.olx.com.co/se-arrienda-apartamento-duplex-yopal-casanare-wasi-1332905-iid-1057680240,NO,
27 Sep,14 Jul,Hanyi  M,None,None,Apartamento,NO,Dueño Directo,,Yopal Casanare,500000,3,50,2,1,None,A estrenar,Apartamento, ,https://yopal.olx.com.co/apartamento-iid-1057313786,NO,"https://www.google.com/maps/place/5.342,-72.396"
27 Sep,11 Jul,Arias T,3204791942,None,Casa,NO,Dueño Directo,,Yopal Casanare,950000,4,110,2,1,None,Entre 5 y 10 años,Arriendo casa campestre Vereda La calceta,Arriendo casa campestre a 15 Km de Yopal en sector muy tranquilo vía Sirivana  La calceta a 5 km adelante del Garcero Área del terreno 3800 mts y cuenta los servicios agua luz posibilidad de conexión a gas y con probabilidad de servicio internet Posee un Jagüey propio con buena agua   Diseño de la casa muy cómodo ventilado y moderno Tiene dos alcobas cada una con puertaventana que dan salida a los jardines 1 baño cocina muy ventilada tipo americano y una sala  comedor muy amplia e iluminada  Junto a la casa hay un espacio de 40 mts cuadrados con espacios para parqueo zona de lavado trabajo y almacenamiento y también para zona de descanso  Terreno con arboles frutales para empezar producción Mandarina Naranja Guanábana Aguacate Mango Carambolo Mamoncillo Papaya y otros  Casa campestre ideal para vivir a tan solo 15 minutos de Yopal o para descanso ,https://yopal.olx.com.co/arriendo-casa-campestre-vereda-la-calceta-iid-1057084221,NO,"https://www.google.com/maps/place/5.359000205993652,-72.27100372314453"
27 Sep,10 Jul,milmol177481,3108150782,None,None,NO,Dueño Directo,,Yopal Casanare,0,3,47,1,2,Si,Hasta 5 años,ARRIENDO APARTEUSTIDIO CAMINOS DE SIRIVANA,Arriendo aparta estudio caminos de sirivana sala comedor cocina alcoba principal con vestier y baño baño adicional zona social balcón excelente vista Conjunto club house piscina cancha squach zonas verdes parquedero ,https://yopal.olx.com.co/arriendo-aparteustidio-caminos-de-sirivana-iid-1056981164,NO,"https://www.google.com/maps/place/5.348999977111816,-72.4010009765625"
27 Sep,8 Jul,laura d c,None,None,Habitación,NO,Dueño Directo,,Yopal Casanare,420000,4,20,1,1,Si,Hasta 5 años,Arriendo Habitación,se arrienda habitación sector exclusivo de yopal ,https://yopal.olx.com.co/arriendo-habitacion-iid-1056823499,NO,"https://www.google.com/maps/place/5.346,-72.389"
