Fecha Adquisición,Fecha,Nombre Vendedor,Telefono1,Telefono2,Tipo Inmueble,Amoblado,Tipo Vendededor,Barrio,Ubicación,Precio,Estrato,Metros Cuadrados,Habitaciones,Baños,Parqueadero,Antiguedad,Publicación,Descripción,Link,Pauta,Dirección
17 Sep,7 Sep,HABITUS PROPIEDAD RAÍZ SAS ,3043760351,None,Apartamento,NO,Inmobiliaria,,Bello Antioquia,750000,3,60,3,1,No,Entre 5 y 10 años,apartamento en bello muy bien ubicado,el apartamento se encuentra a 4 cuadras del parque de bello no cuneta con parqueadero inmobiliaria HABITUS PROPIEDAD RAIZ ,https://bello.olx.com.co/apartamento-en-bello-muy-bien-ubicado-iid-1061396169,SI,
17 Sep,31 Jul,RM D,3183562383,None,Apartamento,NO,Inmobiliaria,,Bello Antioquia,650000,1,41,2,1,No,Hasta 5 años,Arriendo apartamento Unidad Residencial Trigales,Hermoso apartamento ubicado en Bello sector el Trapiche en la Unidad Residencial Trigales con dos habitaciones con puertas y closet sala cocina integral barra americana en granito baño totalmente enchapado cabinado gabinetes y ojos de buey zona de ropas calentador de agua y piso en porcelanato Excelentes acabados La unidad cuenta con 6 canchas parque infantil zonas BBQ y salón comunal Porteria 24 horas No incluye parqueadero este se alquila por aparte  Cualquier duda con gusto será atendida en el celular 3183562383 ,https://bello.olx.com.co/arriendo-apartamento-unidad-residencial-trigales-iid-1058864815,SI,
17 Sep,22 Ago,SMA Propiedad Raiz,44484824,None,Apartamento,NO,None,,Bello Antioquia,1300000,3,70,3,2,None,Hasta 5 años,ARRIENDO DE APARTAMENTO EN MADERA BELLO  BELLO 62211796,62211796 Apartamento en Arriendo Sector Bello Madera ,https://bello.olx.com.co/arriendo-de-apartamento-en-madera-bello-bello-622-11796-iid-1058503272,SI,
17 Sep,11 Sep,ARRENDAMIENTOS LA CASTELLANA,3202566063,3202566063,Apartamento,NO,Inmobiliaria,La Castellana,Bello Antioquia,950000,3,65,2,2,Si,Hasta 5 años,se arrienda apartamento en niquia ceiba del norte,cuenta con  2 habitaciones sala comedor zona de ropas 3 closets 2 baños cocina integral PARQUEADERO  arrendamientos la castellana  tel 471 77 88  celwpp 320 2566063 ,https://bello.olx.com.co/se-arrienda-apartamento-en-niquia-ceiba-del-norte-iid-1056793316,SI,
17 Sep,17 Sep,LUZ C,3215727992,None,None,NO,Dueño Directo,,Bello Antioquia,650000,3,80,3,1,No,Entre 5 y 10 años,Aprtamento Iluminado Cercaal Metro,Apartamento amplio iluminado  cerca estación Bello del metro contruccion tradicional  3 alcobas 1 baño sala comedor cocina  zonade ropas ,https://bello.olx.com.co/aprtamento-iluminado-cerca-al-metro-iid-1056115318,NO,"https://www.google.com/maps/place/6.21734619140625,-75.56744384765625"
17 Sep,17 Sep,Somos ámbito Inmobiliario,3104676926,None,Apartamento,NO,Inmobiliaria,,Bello Antioquia,1050000,3,62,3,2,Si,A estrenar,APARTAMENTO AMAZONIA  BELLO,Hermoso apartamento en uno de los mejores sectores de bello amazonia además cuenta con un amplio desarrollo comercial y de vivienda Con excelentes acabados vista panoramica no le da el poniente Cuenta con 3 habitaciones 2 closet 2 baños sala comedor cocina integral zona de ropas parqueadero y cuarto útil el sistema integrado del metro desde la estación madera para frente a la portería el sector cuenta con amplias zonas verdes ,https://bello.olx.com.co/apartamento-amazonia-bello-iid-1058657823,NO,
17 Sep,17 Sep,Somos ámbito Inmobiliario,3104676926,None,Apartamento,NO,Inmobiliaria,,Bello Antioquia,1100000,3,62,3,2,Si,A estrenar,APARTAMENTO SECTOR AMAZONIA EN BELLO,Apartamento en uno de los mejores sectores en bello amazonia cuenta con 3 habitaciones 3 closet 2 baños sala comedor cocina integral balcón zona de ropas parqueadero privado unidad completa rutas integradas del metro que paran en la portería ,https://bello.olx.com.co/apartamento-sector-amazonia-en-bello-iid-1058870147,NO,
17 Sep,17 Sep,Somos ámbito Inmobiliario,3017971348,None,Apartamento,NO,Inmobiliaria,,Bello Antioquia,850000,3,65,3,2,Si,A estrenar,APARTAMENTO ESTACIÓN MADERA VIA MACHADO,hermoso apartamento en Toledo Campestre por la vía machado a 5 minutos de la estación madera del metro 3 habitaciones  2 baños sala  comedor cocina integral balcón parqueadero privado  portería 24 horas con fácil acceso a rutas integradas del metro ,https://bello.olx.com.co/apartamento-estacion-madera-via-machado-iid-1055893050,NO,
17 Sep,17 Sep,Somos ámbito Inmobiliario,3104676926,None,Apartamento,NO,Inmobiliaria,,Bello Antioquia,1000000,3,62,3,2,Si,A estrenar,APARTAMENTO AMAZONIA EN BELLO,Ubicado en excelente sector de la ciudad de bello cuenta con 3 habitaciones 3 closet 2 baños salacomedor cocina integral balcón parqueadero y cuarto útil unidad completa rutas integradas del metro paran en la portería de la unidad ,https://bello.olx.com.co/apartamento-amazonia-en-bello-iid-1058872210,NO,
17 Sep,17 Sep,Experiencia inmobiliaria,3041285910,None,Apartamento,NO,Inmobiliaria,villa,Bello Antioquia,950000,4,68,3,2,Si,A estrenar,Arriendo Apartamento para Estrenar,se arrienda apartamento para estrenar sector villas de occidentecerca a hospital mental 3 cuartos3 closet 2 baños encabinados balcon cocina integral red de gas parqueadero privadoy cuarto util  la unidad cuenta con porteria las 24 horas salon social  bbq canchas sinteticas turco gymjuegos infantiles piscinasenderos de trote parqueaderos vicitantes chut de basuras excelentes rutas de transporte publico  cerca a colegios hospitales  arrienda  experiencia inmobiliaria  4795287  asesor  gustavo gutierrez  3041285910 ,https://bello.olx.com.co/arriendo-apartamento-para-estrenar-iid-1060049674,NO,
17 Sep,17 Sep,Arrendamientos Tequendama,44112133,None,Apartamento,NO,Inmobiliaria,,Bello Antioquia,850000,3,49,2,1,No,Hasta 5 años,785627 SE ARRIENDA APARTAMENTO EN  BELLO NAVARRA,Excelente ubicación buenas rutas de transporte salon comedor 2 alcobas 2 closet 1 baño cocina integral zona de ropas calentador red de gas Unidad con piscina  salon social gimnasio canchaparqueaderos comunes porteria las 24 horas ,https://bello.olx.com.co/785627-se-arrienda-apartamento-en-bello-navarra-iid-1061810550,NO,
17 Sep,17 Sep,Jaime P,3108426311,None,Habitación,SI,Dueño Directo,,Bello Antioquia,250000,3,35,1,1,None,Entre 10 y 20 años,Arriendo de habitación en Bello para Dama,Arriendo habitación en Bello 250000 SOLO PARA DAMAlibre de servicios amoblada wifiCel 3108426311 ,https://bello.olx.com.co/arriendo-de-habitacion-en-bello-para-dama-iid-880406833,NO,"https://www.google.com/maps/place/6.342050552368164,-75.56122589111328"
17 Sep,17 Sep,Inversión Raíz,3164162222,None,Apartamento,NO,None,Moderno,Bello Antioquia,1050000,3,63,3,2,None,Entre 5 y 10 años,Se arrienda apartamento en Bello para estrenar   wasi1500463,Se arrienda apartamento en Bello sector Prado para estrenar Cuenta con un área de 63mts primer piso de tres alcobas closets dos baños cabinados salón comedor cocina integral con red de gas y horno barra americana piso en ceramica zona de ropasEdificio de 5 pisos moderno sector tranquilo cerca al parque de BelloPara mayor información y agendar citas 574 3221140  57 316 416 22 22  57 305 380 07 27 ,https://bello.olx.com.co/se-arrienda-apartamento-en-bello-para-estrenar-wasi-1500463-iid-1061761684,NO,
17 Sep,17 Sep,S M,3023899735,3023899735,Apartamento,NO,Dueño Directo,La Cumbre,Bello Antioquia,650000,2,55,2,1,No,A estrenar,Arriendo Apartamento en Bello 2do Piso,ARRIENDO APARTAMENTO EN BELLO SECTOR LA CUMBRE CERCA DE LOS MARINILLOS Y DE LA OBRA 2000 SEGUNDO PISO 2 ALCOBAS CADA UNA CON PUERTA Y CLOSET ZONA DE ROPAS BALCON EXTERIOR 1 BAÑO COCINA RED DE GAS VALE 650000  SE EXIGE FIADOR DEPOSITO DE 150000 COLILLAS DE PAGO NO HAY PARQUEADERO PARA MOTO NI PARA CARRO MAYORES INFORMES EN EL CELULAR 3023899735 ,https://bello.olx.com.co/arriendo-apartamento-en-bello-2do-piso-iid-1055292087,NO,"https://www.google.com/maps/place/6.340642929077148,-75.56024169921875"
17 Sep,17 Sep,Arrendamientos V,3166942716,None,Apartamento,NO,None,,Bello Antioquia,850000,3,60,2,2,None,Entre 5 y 10 años,Alquiler Apartamento Barrio Cabañitas Bello  wasi1443528,Alquilo apartamento Barrio Cabañitas Bello 1er piso sala comedor 2 alcobas 2 closet 2 baños barra cocina semi integral patio de ropas garaje red de gas rutas a Medellín y al metro ,https://bello.olx.com.co/alquiler-apartamento-barrio-cabanitas-bello-wasi-1443528-iid-1060138208,NO,
17 Sep,17 Sep,Arrendamientos del Norte,44442716,None,Casa,NO,None,,Bello Antioquia,750000,3,66,3,2,None,Entre 5 y 10 años,Casa en Arriendo Ubicado en BELLO,Codigo Inmueble 4183 Código 4183 1 2 Y 3 PISO EN EDIFICACIÓN DE 3 PISOS calentador a gas Se instalarán puertas faltantes y cabina en baño en el transcurso del primer mes luego de arrendado ,https://bello.olx.com.co/casa-en-arriendo-ubicado-en-bello-iid-1060142787,NO,
17 Sep,17 Sep,Arrendamientos del Norte,44442716,None,Apartamento,NO,None,,Bello Antioquia,560000,2,60,2,1,None,Entre 5 y 10 años,Apartamento en Arriendo Ubicado en BELLO,Codigo Inmueble 4547 Código 4547 2 PISO EN EDIFICACIÓN DE 3 PISOS EL ACUEDUCTO ES COMPARTIDO Y NO SE PERMITEN MASCOTAS EL INMUEBLE CUENTA CON ESTUFA NUEVA ,https://bello.olx.com.co/apartamento-en-arriendo-ubicado-en-bello-iid-1060142597,NO,
17 Sep,16 Sep,ARRENDAMIENTOS LA CASTELLANA,3202566063,3202566063,Casa,NO,Inmobiliaria,La Castellana,Bello Antioquia,1000000,3,120,4,2,Si,Entre 5 y 10 años,se arrienda casa en rosalpi cerca al parque de bello,cuenta con 4 alcobas sala comedor 2 patios 2 baños cocina integral 2 closets  ZONA PARA PARQUEAR  PRIMER PISO  ARRENDAMIENTOS LA CASTELLANA  TEL 471 77 88  CELWPP 320 256 6063 ,https://bello.olx.com.co/se-arrienda-casa-en-rosalpi-cerca-al-parque-de-bello-iid-1061402481,NO,
17 Sep,2 Ago,BARI A,3188044924,None,Apartamento,NO,Dueño Directo,,Bello Antioquia,1100000,3,64,3,2,Si,A estrenar,SE ARRIENDA APARTAMENTO EDIFICIO BARI,BARI APARTAMENTOS es un edificio con portería 24 horas ubicado en el municipio de Bello  muy cerca a la estación Bello del metro plaza de mercado y al parque principal Está conformada por 88 apartamentos y locales comerciales Con un muy buen acceso al transporte publico ,https://bello.olx.com.co/se-arrienda-apartamento-edificio-bari-iid-1059101918,NO,"https://www.google.com/maps/place/6.336999893188477,-75.55500030517578"
17 Sep,16 Sep,HABITUS PROPIEDAD RAÍZ SAS ,3043760351,None,Apartamento,NO,Dueño Directo,,Bello Antioquia,750000,3,60,3,None,No,Entre 5 y 10 años,apartamento e bello,el apartamento cuenta con 3 alcobas 1 baño citofonia cuarto útil el apto queda a 4 cuadras del parque de bello inmobiliaria HABITUS PROPIEDAD RAIZ SAS ,https://bello.olx.com.co/apartamento-e-bello-iid-1061394477,NO,"https://www.google.com/maps/place/6.336999893188477,-75.55999755859375"
17 Sep,16 Sep,SMA Propiedad Raiz,44484824,None,Apartamento,NO,None,,Bello Antioquia,750000,3,55,2,2,None,Hasta 5 años,ARRIENDO DE APARTAMENTO EN BARRIO NUEVO BELLO  BELLO 62211876,62211876 Apartamento en arriendo sector barrio nuevo cerca ala iglesia san juan de avila ,https://bello.olx.com.co/arriendo-de-apartamento-en-barrio-nuevo-bello-bello-622-11876-iid-1059493173,NO,
17 Sep,16 Sep,VITAE GRUPO INMOBILIARIO,3014123965,,Apartamento,NO,Inmobiliaria,,Bello Antioquia,1100000,4,66,3,2,Si,A estrenar,ARRIENDO DE APARTAMENTO PARA ESTRENAR EN PUERTO NUEVO  BELLO,ARRIENDO de apartamento ubicado en Ciudad de los Puertos SantaAna Bello 66m² con la siguiente distribución  3 habitaciones con closet cada y principal con baño 2 Baños con cabina en vidrio templado Cocina semi  integral con mesón y barra en tipo mármol Zona de ropas Salacomedor Balcón con vista al interior de la unidad y la ciudad PARQUEADERO PRIVADO CUARTO ÚTIL Urbanización con piscina de adultos y piscina de niños jacuzzis sauna parque infantil sala de juegos para adultos y para niños  cancha de futbol 5 en grama sintética y placa polideportiva golfito gimnasio cancha de squash dos salones sociales portería con sala de recepción cerca de colegios supermercados reserva natural y buenas rutas de transporte incluidas las integradas del Metro  Si te interesa esta propiedad o quieres conocer opciones similares puedes comunicarte conmigo al 301 412 3965 VITAE GRUPO INMOBILIARIO Saludos ,https://bello.olx.com.co/arriendo-de-apartamento-para-estrenar-en-puerto-nuevo-bello-iid-1061030531,NO,
17 Sep,16 Sep,VITAE GRUPO INMOBILIARIO,3014123965,,Apartamento,NO,Inmobiliaria,,Bello Antioquia,1100000,4,66,3,2,Si,Hasta 5 años,ARRIENDO DE APARTAMENTO EN PUERTO NUEVO  BELLO,ARRIENDO de apartamento ubicado en Ciudad de los Puertos SantaAna Bello 66m² con la siguiente distribución  3 habitaciones con closet cada y principal con baño 2 Baños con cabina en vidrio templado Cocina semi  integral con mesón y barra en tipo mármol Zona de ropas Salacomedor Balcón con vista al interior de la unidad y la ciudad PARQUEADERO PRIVADO CUARTO ÚTIL Urbanización con piscina de adultos y piscina de niños jacuzzis sauna parque infantil sala de juegos para adultos y para niños  cancha de futbol 5 en grama sintética y placa polideportiva golfito gimnasio cancha de squash dos salones sociales portería con sala de recepción cerca de colegios supermercados reserva natural y buenas rutas de transporte incluidas las integradas del Metro  Si te interesa esta propiedad o quieres conocer opciones similares puedes comunicarte conmigo al 301 412 3965 VITAE GRUPO INMOBILIARIO Saludos ,https://bello.olx.com.co/arriendo-de-apartamento-en-puerto-nuevo-bello-iid-1061031474,NO,
17 Sep,16 Sep,VITAE GRUPO INMOBILIARIO,3014123965,,Apartamento,NO,Inmobiliaria,El Carmen,Bello Antioquia,900000,2,150,2,2,No,Hasta 5 años,ARRIENDO DE HERMOSO Y AMPLIO APARTAMENTO EN BELLO  CUMBRE,ARRIENDO de hermoso y amplio apartamento ubicado a una cuadra de la iglesia del Carmen en el barrio El Paraíso Cumbre Bello 150m² con la siguiente distribución  2 habitaciones muy amplias con closet cada una principal con baño y vestier 2 Baños 1 social y otro cabina en vidrio templado Cocina integral con mesón y barra en tipo Quarztone Zona de ropas Sala Comedor Patio amplio descubierto y cuarto útil Amplio Balcón con vista hacia la ciudad Este apartamento esta ubicado cerca de colegios supermercados iglesias canchas deportivas y buenas rutas de transporte incluidas las integradas del Metro y todas las rutas de transporte de Bello hacia Medellín  Si te interesa esta propiedad o quieres conocer opciones similares puedes comunicarte al 301 412 3965 WhatsApp y llamadas VITAE GRUPO INMOBILIARIO  Saludos ,https://bello.olx.com.co/arriendo-de-hermoso-y-amplio-apartamento-en-bello-cumbre-iid-1061032968,NO,
17 Sep,16 Sep,ARRENDAMIENTOS LA CASTELLANA,3202566063,3202566063,Apartamento,NO,Inmobiliaria,La Castellana,Bello Antioquia,780000,3,65,3,2,Si,Hasta 5 años,se arrienda apartamento en bucaros,cuenta con 3 alcobas 2 baños sala comedor 3 closets balcon cocina integral zona de ropas  CUARTO PISO PARQUEADERO COMUN  ARRENDAMIENTOS LA CASTELLANA  TEL 471 77 88  CELWPP 320 256 6063 ,https://bello.olx.com.co/se-arrienda-apartamento-en-bucaros-iid-1061180174,NO,
17 Sep,4 Sep,VITAE GRUPO INMOBILIARIO,3014123965,,Apartamento,NO,Inmobiliaria,Centro,Bello Antioquia,850000,3,56,2,2,No,Hasta 5 años,ARRIENDO DE APARTAMENTO EN CERRO AZUL NIQUÍA BELLO,Arriendo de hermoso apartamento ubicado en Niquía a 15 minutos caminando del Centro Comercial Puerta del Norte y Estación del Metro  Cuenta con excelentes acabados y 56 m² distribuidos en 2 habitaciones con closet cada una 2 baños  enchapados y uno cabinado  Cocina semiintegral con barra tipo americana Zona de ropas enchapada con calentador de agua Salacomedor con vista agradable  Excelente iluminación natural y ventilación Piso general en cerámica  La unidad cuenta con Gimnasio parqueadero de visitantes piscinas salón social Rutas de transporte incluidas las integradas del Metro colegios zonas comerciales y parroquias cerca  Si te interesa esta propiedad o quieres conocer opciones similares puedes comunicarte conmigo al 301 412 3965 STIVEN ZAPATA GÓMEZ Saludos ,https://bello.olx.com.co/arriendo-de-apartamento-en-cerro-azul-niquia-bello-iid-1062047166,SI,
17 Sep,5 Sep,direccion23,3008478020,None,Apartamento,NO,Inmobiliaria,,Bello Antioquia,850000,3,64,3,2,Si,A estrenar,ARRIENDO APARTAMENTO PARA ESTRENAR BELLO,ARRIENDO APARTAMENTO PARA ESTRENAR PUERTO ALEGRE BELLO  HABITACIONES 3  CLOSETS  BAÑOS 2  COCINA INTEGRAL  SALA COMEDOR  BALCÓN  PARQUEADERO PRIVADO  LA UNIDAD CUENTA CON SEGURIDAD LA 24 HORAS  PISCINAS GIMNASIO  TURCO SALONES SOCIALES CANCHA Y ZONAS VERDES ,https://bello.olx.com.co/arriendo-apartamento-para-estrenar-bello-iid-1062078013,SI,
17 Sep,16 Sep,ARRENDAMIENTOS LA CASTELLANA,3202566063,3202566063,Apartamento,NO,Inmobiliaria,La Castellana,Bello Antioquia,1200000,3,65,3,2,Si,A estrenar,se arrienda apartaemnto en niquia ceiba del norte,cuenta con 3 alcobas 2 baños cabinados sala comedor zona de ropas red de gas cocina integral 3 closets  ZONA DE ESTUDIO PARQUEADERO CUARTO UTIL  ARRENDAMIENTOS LA CASTELLANA  TEL 471 77 88  CELWPP 320 256 6063 ,https://bello.olx.com.co/se-arrienda-apartaemnto-en-niquia-ceiba-del-norte-iid-1058445370,NO,
17 Sep,16 Sep,ARRENDAMIENTOS LA CASTELLANA,3202566063,3202566063,Casa,NO,Inmobiliaria,La Castellana,Bello Antioquia,950000,3,90,3,3,Si,Hasta 5 años,se arrienda casa en niquia unidad cerrada,cuenta con 3 habitaciones 2 closets 3 baños 2 balcones sala comedor patio cocina integral ante jardin  PARQUEADERO MOTO Y CARRO TRES NIVELES MUY BONITOS ACABADOS  ARRENDAMIENTOS LA CASTELLANA  TEL 471 77 88  CELWPP 320 256 6063 ,https://bello.olx.com.co/se-arrienda-casa-en-niquia-unidad-cerrada-iid-1058764280,NO,
17 Sep,16 Sep,Experiencia inmobiliaria,3041285910,None,Apartamento,NO,Inmobiliaria,,Bello Antioquia,950000,3,75,3,2,Si,A estrenar,Arriendo Apartamento para Estrenar,arriendo apartamento para estrenar  cuenta con 3 cuartos  3 closetred de gas piso en cerámica y madera 2 bañosbalcon cocina integral Con horno  extractorparqueadero privadoy cuarto util  Nota  Para estrenar  la unidad cuenta con  portería 24 horassalon social  gymludotekapiscinasistema cerrado de tvjuegos infantiles salón de juegos salón social   cerca a la estación madera del metro a 5 minutos en carro o moto y 15 minutos caminando excelentes rutas de transporte publicoa colegios y universidades  arrienda experiencia inmobiliaria  tel4795287  asesor Gustavo Gutierrez  cel3041285910 ,https://bello.olx.com.co/arriendo-apartamento-para-estrenar-iid-1061371884,NO,
17 Sep,16 Sep,ARRENDAMIENTOS LA CASTELLANA,3202566063,3202566063,Casa,NO,Inmobiliaria,La Castellana,Bello Antioquia,800000,3,85,3,1,No,Hasta 5 años,se arrienda casa en molinares,cuenta con 3 alcobas 1 baño sala comedor 3 closets patio cocina semintegral  PRIMER PISO  ARRENDAMIENTOS LA CASTELLANA  TEL 471 77 88  CELWPP 320 256 6063 ,https://bello.olx.com.co/se-arrienda-casa-en-molinares-iid-1061888239,NO,
17 Sep,16 Sep,ARRENDAMIENTOS LA CASTELLANA,3202566063,3202566063,Apartamento,NO,Inmobiliaria,La Castellana,Bello Antioquia,1100000,3,63,3,2,Si,A estrenar,se arrienda apartamento en niquia ceyba del norte,cuenta con 3 alcobas mas estudio 2 baños sala comedor zona de ropas balcon 3 closets cocina integral  PARQUEADERO CUARTO UTIL  ARRENDAMIENTOS LA CASTELLANA  TEL 471 77 88  CELWPP 320 256 6063 ,https://bello.olx.com.co/se-arrienda-apartamento-en-niquia-ceyba-del-norte-iid-1055216827,NO,
17 Sep,16 Sep,Arrendamientos Tequendama,44112133,None,Apartamento,NO,Inmobiliaria,,Bello Antioquia,650000,1,65,4,1,No,Entre 10 y 20 años,863950 SE ARRIENDA APARTAMENTO EN BELLO MIRADOR,Excelente ubicación buenas rutas de transporte salon comedor 4 alcobas 3 closet 1 baño estudio cuarto útil cocina semi integral sin estufa con red de gas calentador 1 patio ,https://bello.olx.com.co/863950-se-arrienda-apartamento-en-bello-mirador-iid-1062393384,NO,
17 Sep,16 Sep,Somos ámbito Inmobiliario,3104676926,None,Apartamento,NO,Inmobiliaria,,Bello Antioquia,950000,4,62,3,2,Si,A estrenar,APARTAMENTO EN CABAÑAS SECTOR AMAZONIA,Apartamento con excelentes acabados hermosa vista para estrenar cuenta con 3 habitaciones 2 baños sala comedor cocina integral zona de ropas parqueadero privado la unidad es completa las rutas integradas del metro paran en la portería ,https://bello.olx.com.co/apartamento-en-cabanas-sector-amazonia-iid-1061170559,NO,
17 Sep,16 Sep,ARRENDAMIENTOS LA CASTELLANA,3202566063,3202566063,Casa,NO,Inmobiliaria,La Castellana,Bello Antioquia,700000,3,65,1,1,No,Hasta 5 años,SE ARRIENDA CASA EN MOLINARES,cuenta con 1 alcoba muy grande  cocina integral zona de ropas patio sala comedor baño 1 closet  TERCER PISO  ARRENDAMIENTOS LA CASTELLANA  TEL 471 77 88  CELWPP 320 256 6063 ,https://bello.olx.com.co/se-arrienda-casa-en-molinares-iid-1061553555,NO,
17 Sep,16 Sep,Somos ámbito Inmobiliario,3104676926,None,Apartamento,NO,Inmobiliaria,,Bello Antioquia,920000,4,55,1,2,Si,A estrenar,APARTA ESTUDIO CABAÑAS SECTOR AMAZONIA,Aparta estudio  con excelentes acabados y muy buena vista idea para pareja cuenta con un habitación con baño privado sala comedor baño social cocina integral mixta zona de ropas parqueadero privado cubierto unidad completa Rutas de trasporte integrado del metro paran en la portería ,https://bello.olx.com.co/aparta-estudio-cabanas-sector-amazonia-iid-1061168110,NO,
17 Sep,10 Jul,Vix Inmobiliaria,3016486094,None,Apartamento,NO,Inmobiliaria,,Bello Antioquia,800000,3,47,2,1,No,Hasta 5 años,Apartamento en Arriendo Niquia Bello Plaza Navarra,Apartamento de 47mts  Cuenta con 2 habitacione 2 closet 1 baño Sala comedor Cocina integral zona de ropas y balcón Parqueadero de motos  Unidad cerrada con portería 24 horas cuenta con piscinas adultos y niños cancha salón social juegos infantiles zona BBQ y gimnasio ,https://bello.olx.com.co/apartamento-en-arriendo-niquia-bello-plaza-navarra-iid-1057006813,NO,
17 Sep,16 Sep,Arrendamientos V,3166942716,None,Apartamento,NO,None,,Bello Antioquia,1100000,3,66,3,2,None,A estrenar,Alquilo apto Urb Ensenada Amazonia Bello  wasi1501545,Alquilo apartamento Urbanización Ensenada Amazonía Bello 4to piso sala comedor 3 alcobas 2 closet 1 vestier 2 baños cabinados barra cocina integral zona de ropas balcón red de gas calentador cuarto útil parqueadero para vehículo rutas a Medellín y al metro ,https://bello.olx.com.co/alquilo-apto-urb-ensenada-amazonia-bello-wasi-1501545-iid-1061697687,NO,
17 Sep,16 Sep,Arrendamientos V,3166942716,None,Apartamento,NO,None,Centro,Bello Antioquia,900000,3,68,3,2,None,Entre 5 y 10 años,ALQUILO APTO CAMINO DE LOS VIENTOS NIQUIA BELLO  wasi1501600,Alquilo apartamento Urbanización Camino del Viento Niquía Bello piso 11 sala comedor 3 alcobas 3 closet 2 baños cabinados barra cocina integral zona de ropas balcón red de gas calentador puerta de seguridad parqueadero común rutas a Medellín cerca a la estación Niquia del metro y al centro comercial Puerta del Norte excelente transporte ,https://bello.olx.com.co/alquilo-apto-camino-de-los-vientos-niquia-bello-wasi-1501600-iid-1061697731,NO,
17 Sep,16 Sep,ARRENDAMIENTOS LA CASTELLANA,3202566063,3202566063,Apartamento,NO,Inmobiliaria,La Castellana,Bello Antioquia,980000,3,65,3,2,Si,A estrenar,se arrienda apartamento en amazonia,cuenta con 3 alcobas  2 baños cabinados cocina integral zona de ropas balcon 3 closets sala comedor  PARQUEADERO  ARRENDAMIENTOS LA CASTELLANA  TEL 471 77 88  CELWPP 320 256 6063 ,https://bello.olx.com.co/se-arrienda-apartamento-en-amazonia-iid-1062380190,NO,
17 Sep,16 Sep,Experiencia inmobiliaria,3041285910,None,Apartamento,NO,Inmobiliaria,,Bello Antioquia,730000,3,65,3,2,Si,Hasta 5 años,Arriendo Apartamento,Arriendo apartamento en excelente condiciones 3 cuartos 2 closet 2 baños cocina integral red de gas  La unidad cuenta con portería 24 hrs bbq salón social mall comercial cancha sintética d1 cotrafa  Cerca a colegios iglesias y rutas principales para acseso a transporte público  Arrienda experiencia inmobiliaria 4795287  Asesor comercial Gustavo Gutiérrez 3041285910 ,https://bello.olx.com.co/arriendo-apartamento-iid-1062383087,NO,
17 Sep,16 Sep,Inversión Raíz,3164162222,None,Apartamento,NO,None,Centro,Bello Antioquia,900000,4,60,3,2,None,A estrenar,Apartamento Puerto Alegre Bello  wasi1351430,Se arrienda apartamento en Puerto Alegre BelloCuenta con un área de 60mts cuenta con cocina integral sala comedor 3 alcobas 3 closets 2 baños zona de ropas sala biblioteca balcon gas domiciliario calentador de agua parqueadero La unidad tiene piscina gimnasio jacuzzi cancha parque para niños parqueadero vigilancia las 24 horas sala de esperaCerca al parque de Bello colegios y universidades centro comercial hospital iglesia transporte públicoMayor información al 574 322 11 40 57 305 380 07 27  57 316 416 22 22 ,https://bello.olx.com.co/apartamento-puerto-alegre-bello-wasi-1351430-iid-1056614278,NO,
17 Sep,16 Sep,Vix Inmobiliaria,3016486094,None,Apartamento,NO,Inmobiliaria,Centro,Bello Antioquia,820000,3,57,2,2,Si,Hasta 5 años,APARTAMENTO EN ARRIENDO NIQUIA PLAZA NAVARRA,Apartamento de 57mts2 con  2 Habitaciones 3 Closet estudio 2 Baño con cabina en vidrio sala comedor cocina integral zona de ropas balcón parqueadero privado  Unidad cerrada con portería las 24 horas zonas comunes como piscina y juegos infantiles muy cerca a la Estación del Metro de Niquia y a Centro Comercial Puerta del Norte ,https://bello.olx.com.co/apartamento-en-arriendo-niquia-plaza-navarra-iid-1061864617,NO,
17 Sep,16 Sep,Arrendamiento Metropropiedades,3235824407,None,Casa,NO,Inmobiliaria,,Bello Antioquia,1200000,4,160,4,2,Si,Entre 10 y 20 años,ARRIENDO CASA EN CABAÑAS BELLO  CON GARAJE DOBLE,ARRIENDO AMPLIA CASA UNIFAMILIAR PRIMERO Y SEGUNDO PISO CON 4 ALCOBAS Y PARQUEADERO DOBLE  ZONA RESIDENCIAL  BUENAS RUTAS DE TRANSPORTE  AMPLIOS ESPACIOS  PATIO  BUENA ILUMINACIÓN Y BUENA VENTILACIÓN ,https://bello.olx.com.co/arriendo-casa-en-cabanas-bello-con-garaje-doble-iid-1062373261,NO,
17 Sep,16 Sep,Arrendamiento Metropropiedades,4165858u,None,Casa,NO,None,Rosa,Bello Antioquia,2200000,3,120,3,2,None,Entre 10 y 20 años,ARRIENDO DE CASA EN SAN JOSE OBRERO BELLO  BELLO 543647,543647 ARRIENDO AMPLIA CASA DE USO COMERCIAL  SEGUNDO PISO  UBICADA EN LA ZONA ROSA DEL BARRIO OBRERO  BELLO IDEAL PARA EMPRESAS OFICINAS  INSTITUCIONES BODEGA ZONA ALTAMENTE COMERCIAL  CON EXCELENTES RUTAS DE TRANSPORTE Y CERCANA A LA AUTOPISTA NORTE  BUENOS ESPACIOS  ESQUINERA  ,https://bello.olx.com.co/arriendo-de-casa-en-san-jose-obrero-bello-bello-543-647-iid-1061150163,NO,
17 Sep,16 Sep,Arrendamiento Metropropiedades,4165858u,None,Apartamento,NO,None,,Bello Antioquia,1000000,4,70,3,2,None,None,ARRIENDO DE APARTAMENTO EN CABAÃITAS BELLO  BELLO 543544,543544 ARRIENDO HERMOSO APARTAMENTO NUEVO CON ACABADOS DE LUJO EN CABAÑAS A TODO EL FRENTE DE LA ESTACION MADERA  EXCELENTE UBICACION  CON RUTAS DE TRANSPORTE  ,https://bello.olx.com.co/arriendo-de-apartamento-en-cabaaitas-bello-bello-543-544-iid-1057793155,NO,
17 Sep,14 Sep,sofisainmobiliaria,3007003510,None,Apartamento,NO,Inmobiliaria,Centro,Bello Antioquia,1200000,4,68,3,2,Si,A estrenar,APARTAMENTO HERMOSO BIEN UBICADO  NIQUIA  COD 2995A,Apartamento hermoso amplio e iluminado con buena distribución de espacios en arriendo sector Niquia cuenta con  sala  comedor 3 dormitorio  3 closet 2 baños 1 privado 1 social cabinados y enchapado biblioteca cocina integral con barra americana red de gas y eléctrica piso en cerámica zona de ropas 1 balcón corredor  1 parqueadero cubierto 1 parqueadero de visitas 1 cuarto útil seguridad 24 horas shut de basuras senderos peatonales zonas verdes juegos infantiles ascensor cámaras de seguridad piscina para adultos y niños duchas afuera sauna turco gimnasio  salón social BBQ kiosko cancha polideportiva  se ubica en un sector muy tranquilo buenas rutas de trasporte cerca de supermercados y  centro comercial COD 2995A   TELEFONO 3007003510 ,https://bello.olx.com.co/apartamento-hermoso-bien-ubicado-niquia-cod-2995a-iid-1060419488,NO,
17 Sep,13 Sep,Arrendamiento Metropropiedades,4165858u,None,Apartamento,NO,None,,Bello Antioquia,1100000,3,80,3,2,None,None,ARRIENDO DE APARTAMENTO EN SAN JOSE OBRERO BELLO  BELLO 543623,543623 ARRIENDO APARTAMENTO EN EL BARRIO OBRERO  BELLO  CON PARQUEADERO CUBIERTO  PARA ESTRENAR  ACABADOS DE LUJO ZONA ÚNICAMENTE RESIDENCIAL  CON EXCELENTES RUTAS DE TRANSPORTE  CERCA A LA ESTACIÓN DEL METRO MADERA ,https://bello.olx.com.co/arriendo-de-apartamento-en-san-jose-obrero-bello-bello-543-623-iid-1060140348,NO,
17 Sep,12 Sep,ARRENDAMIENTOS LA CASTELLANA,3202566063,3202566063,Casa,NO,Inmobiliaria,La Castellana,Bello Antioquia,650000,3,55,2,1,No,Hasta 5 años,SE ARRIENDA CASA EN BOYACA LAS BRISAS,cuenta con 2 alcobas 1 baño con bañera sala comedor zona de ropas cocina integral  CUARTO PISO  ARRENDAMIENTOS LA CASTELLANA   TEL 471 77 88  CELWPP 320 256 6063 ,https://bello.olx.com.co/se-arrienda-casa-en-boyaca-las-brisas-iid-1060273234,NO,
17 Sep,11 Sep,Juan V,3235687077,3165055919,Apartamento,NO,Dueño Directo,,Bello Antioquia,600000,3,42,2,1,No,A estrenar,Se Alquila Apartamento en Bellomesa,se alquila apartamento en barrio mesa de bello al frente de mercados del norte 4 piso 2 habitaciones una de ellas con closet cocina semi todo enchapadomuy iluminado valor 600000 servicio incluidos gas energía agua  mayor información en el 3165055919 ,https://bello.olx.com.co/se-alquila-apartamento-en-bello-mesa-iid-1062650877,NO,"https://www.google.com/maps/place/6.340000152587891,-75.56199645996094"
17 Sep,11 Sep,jpabustos8,3233620595,None,Apartamento,NO,Dueño Directo,,Bello Antioquia,400000,4,65,3,2,Si,Hasta 5 años,Cuarto en Apto  Boavista  Amazonia Campestre  Bello,Cuarto en Apto Se puede disponer de cocina nevera lavadora Zonas comunes Piscina gimnasio canchas ,https://bello.olx.com.co/cuarto-en-apto-boavista-amazonia-campestre-bello-iid-1062640381,NO,"https://www.google.com/maps/place/6.324999809265137,-75.5479965209961"
17 Sep,11 Sep,Nelson O,3007658994,None,Apartamento,NO,Inmobiliaria,,Bello Antioquia,750000,3,80,3,2,No,Entre 10 y 20 años,ARRIENDO APARTAMENTO TRES ALCOBAS PATIO CERCA AL PARQUE,Hermoso apartamento para arrendar cerca al parque de bello apartamento bien terminado amplio e iluminado tercer piso por escalas sector con muy buenas rutas de acceso y transporte sector muy tranquilo   el apartamento cuenta con las siguientes comodidades   tres alcobas dos baños sala y comedor por aparte cocina integral patio y terraza con zona de ropas y balcon ,https://bello.olx.com.co/arriendo-apartamento-tres-alcobas-patio-cerca-al-parque-iid-1062617660,NO,
17 Sep,11 Sep,nlanegra127992,3508869371,None,Casa,NO,Inmobiliaria,,Bello Antioquia,1100000,3,115,4,2,Si,Entre 10 y 20 años,SE ARRIENDA CASA EN EL SECTOR FLORENCIA,Con un area de 11513 M2 4 alcobas 3 closet 2 baños biblioteca sala barra americana cocina integral patio parquedero cubierto primer piso  Zona muy tranquila buena ruta de transporte y zonas de comidas ,https://bello.olx.com.co/se-arrienda-casa-en-el-sector-florencia-iid-1062617555,NO,
17 Sep,11 Sep,José Hernán  G,3104216719,None,Habitación,NO,Dueño Directo,,Bello Antioquia,350000,3,4,1,None,Si,Hasta 5 años,Arriendo Habitación en Rincón Del Bosque,para hombre solo ,https://bello.olx.com.co/arriendo-habitacion-en-rincon-del-bosque-iid-1062613091,NO,"https://www.google.com/maps/place/6.337,-75.56"
17 Sep,11 Sep,Elvia B,3146969853,None,Habitación,SI,Dueño Directo,Centro,Bello Antioquia,450000,3,12,1,1,Si,Hasta 5 años,Alquilo Habitacion,Es una habitacion amoblada  cerca al centro comercial puerta del Norte y a la eatacion Niquia infor al 3146969853 ,https://bello.olx.com.co/alquilo-habitacion-iid-1062612589,NO,"https://www.google.com/maps/place/6.336999893188477,-75.55999755859375"
17 Sep,11 Sep,Aleja P,3122021994,None,Apartamento,NO,Dueño Directo,,Bello Antioquia,700000,3,50,2,1,No,Entre 5 y 10 años,Se Alquila Apartamento,se alquila apartamento totalmente terminado muy buena ubicación una cuadra de la plaza de mercado y 2 cuadras del parque de bello 3 piso ,https://bello.olx.com.co/se-alquila-apartamento-iid-1062607607,NO,"https://www.google.com/maps/place/6.341000080108643,-75.56500244140625"
17 Sep,11 Sep,Andrés V,3127956015,None,Casa,NO,Dueño Directo,,Bello Antioquia,450000,2,68,5,1,None,Entre 5 y 10 años,Vendo Cambio O Alquilo Casa Unifamiliar medellin,se vende o cambia casa unifamiliar a tres cuadras del parque de Guadalupe no es en bello es en medellin en 70000000 negociables con escritura y licencia de construcción también se arrienda en 450000 para recibir información llamar al 2112382 solo en el horario de 8 am a 4 pm y preguntar por don Jose o al 3127956015 y preguntar por Hector ,https://bello.olx.com.co/vendo-cambio-o-alquilo-casa-unifamiliar-medellin-iid-987481714,NO,"https://www.google.com/maps/place/6.340642929077148,-75.56024169921875"
17 Sep,11 Sep,Jose A,3004700874,None,Apartamento,NO,Dueño Directo,,Bello Antioquia,660000,3,60,3,None,No,Hasta 5 años,Arriendo Apartamento sector Carmelo  Bello,Se arrienda apartamento en Cascadas de Riachelos sector carmelo Bello Antioquia  Tres alcobas con closet Salóncomedor Cocina integral Dos baños Calentador Balcón Red de de gas Zona de ropas ,https://bello.olx.com.co/arriendo-apartamento-sector-carmelo-bello-iid-1062582464,NO,"https://www.google.com/maps/place/6.336999893188477,-75.56900024414062"
17 Sep,11 Sep,Javier Yoely Serna C,3113852581,3205682140,Apartamento,NO,Dueño Directo,El Rosario,Bello Antioquia,750000,3,60,2,1,None,Hasta 5 años,Arriendo Apartamento en Bello,arriendo apartamento tercer piso en el barrio el rosario de Bello sala comedor 2 alcobas con sus respectivas puertas bañó cocina integral zona de ropas  piso en cerámica  totalmente terminado  libre de servicios  agua luz gas por red parabólica WiFi muy iluminado  3205682140 ,https://bello.olx.com.co/arriendo-apartamento-en-bello-iid-1062570650,NO,"https://www.google.com/maps/place/6.339268207550049,-75.56316375732422"
17 Sep,11 Sep,Arrendamientos Panorama Norte,4776767u,None,Casa,NO,None,Prado,Bello Antioquia,2000000,3,110,5,2,None,Entre 20 y 50 años,ARRIENDO DE CASA EN PRADO BELLO  BELLO 387504,387504 Se arrienda cómoda casa en bello prado con fácil acceso a transporte público colegios zonas verdes y cerca al parque principal  CARACTERÍSTICAS  Cinco habitaciones  Dos baños sencillos Dos closet Patio  Zona de ropa Solar Red de gas ,https://bello.olx.com.co/arriendo-de-casa-en-prado-bello-bello-387-504-iid-1062568283,NO,
17 Sep,11 Sep,linda  a,3046524317,None,Apartamento,NO,Dueño Directo,villa,Bello Antioquia,380000,2,45,2,1,No,A estrenar,Se Alquila Apartamento en Bello,se alquila apartamento de 2 alcobas sa cosina baño 3 piso en obra negra en el barrio bello villalinda libre de agua y luz se pide carta laboral fotocopia de la cedula y deposito de 100000 interesados llamar al 3046524317 ,https://bello.olx.com.co/se-alquila-apartamento-en-bello-iid-1062568210,NO,"https://www.google.com/maps/place/6.358,-75.571"
17 Sep,11 Sep,Arrendamientos del Norte,44442716,None,Apartamento,NO,None,,Bello Antioquia,1050000,1,65,3,2,None,Entre 5 y 10 años,Apartamento en Arriendo Ubicado en BELLO,Codigo Inmueble 5058 Código 5058  PISO 25 EN EDIFICACIÓN DE 26 PISOS ALCOBAS CON PUERTAS CABINA EN VIDRIO ,https://bello.olx.com.co/apartamento-en-arriendo-ubicado-en-bello-iid-1062567894,NO,
17 Sep,10 Sep,Luisa Fernanda Rúa M,3216684823,3216684823,Habitación,SI,Dueño Directo,,Bello Antioquia,350000,3,5,1,1,None,Entre 5 y 10 años,Arriendo Habitación Niquia Bello,habitación amoblada o sin amoblar barrio Niquia cerca a estación de metro Niquia cuenta con cama nochero y closet y acceso a los servicios de la casa wifi parabólica nevera lavadora Aparte del valor de la habitación se puede negociar la alimentación mas información 3216684823 luisa ,https://bello.olx.com.co/arriendo-habitacion-niquia-bello-iid-1062542180,NO,"https://www.google.com/maps/place/6.341800212860107,-75.54952239990234"
17 Sep,10 Sep,Luz Mary Ospina O,None,None,Apartamento,NO,Dueño Directo,,Bello Antioquia,650000,3,60,2,1,No,Hasta 5 años,ARRIENDO APARTAMENTO INTERNO LIBRE SERVICIOS EN NIQUIA POR LA CHINCA,2 habitaciones 1 bao  libre de servicios ,https://bello.olx.com.co/arriendo-apartamento-interno-libre-servicios-en-niquia-por-la-chinca-iid-1062539186,NO,"https://www.google.com/maps/place/6.343999862670898,-75.5510025024414"
17 Sep,10 Sep,biviana  a,3004814220,None,Apartamento,NO,Dueño Directo,,Bello Antioquia,560000,3,52,2,1,No,Hasta 5 años,Se Arrienda Apartamento en Bello,se arrienda  apartamento a una cuadra de la plaza de bello tercer piso para dos personas sin niños ni mascotas ,https://bello.olx.com.co/se-arrienda-apartamento-en-bello-iid-1062537024,NO,"https://www.google.com/maps/place/6.333000183105469,-75.55799865722656"
17 Sep,10 Sep,DC DESARROLLO Y CONSTRUCCIÓN SAS,3165227605,None,Apartamento,NO,Inmobiliaria,Centro,Bello Antioquia,1200000,4,68,3,2,Si,A estrenar,HERMOSO APARTAMENTO SECTOR NIQUIA CÓDIGO A2995,Hermoso apartamento amplio e iluminado con buena distribución de espacios en arriendo sector Niquia cuenta con  sala  comedor 3 alcobas  3 closet 2 baños 1 privado 1 social  cabinados  biblioteca cocina integral barra americana red de gas y eléctrica piso en cerámica zona de ropas 1 balcón 1 parqueadero cubierto 1 parqueadero de visitas seguridad 24 horas shut de basuras senderos peatonales zonas verdes juegos infantiles ascensor cámaras de seguridad piscina para adultos y niños duchas afuera sauna turco gimnasio  salón social BBQ kiosko cancha polideportiva  se ubica en un sector muy tranquilo buenas rutas de trasporte cerca de supermercados y  centro comercial ,https://bello.olx.com.co/hermoso-apartamento-sector-niquia-codigo-a2995-iid-1060059973,NO,
17 Sep,10 Sep,alquiloniquia3apartaestudio525,3234770061,None,Apartaestudio,NO,Dueño Directo,,Bello Antioquia,550000,3,45,1,1,Si,Entre 5 y 10 años,ALQUILER APARTAESTUDIO NIQUIA CERCA AL EXITO,ALQUILO APARTAESTUDIO EN URBANIZACIÓN CERRADA CERCA AL ÉXITO DE NIQUIA TIENE UNA HABITACIÓN GRANDE SALÓN BAÑOCOCINA Y ZONA DE ROPAS LA UNIDAD TIENE PARQUEADERO COMÚN  PISCINA Y ZONAS VERDES IDEAL PAREJAS O PERSONAS QUE VIVAN SOLAS REQUISITOS CARTA LABORAL FIADOR CON PROPIEDAD RAÍZ Y UN DEPOSITO DE 200 MIL PESOS QUE SE DEVUELVEN SEGÚN  LO ACORDADO EN EL CONTRATO SOLO WHATSAP 3234770061 ,https://bello.olx.com.co/alquiler-apartaestudio-niquia-cerca-al-exito-iid-1062526082,NO,"https://www.google.com/maps/place/6.341000080108643,-75.54299926757812"
17 Sep,10 Sep,Diana C,3216443439,None,Apartamento,NO,Dueño Directo,,Bello Antioquia,330000,3,60,2,1,No,Hasta 5 años,Se Comparte Apartamento,Disponibilidad inmediata ,https://bello.olx.com.co/se-comparte-apartamento-iid-1062522714,NO,"https://www.google.com/maps/place/6.339000225067139,-75.54900360107422"
17 Sep,10 Sep,Johana C,3117146355,None,Apartamento,NO,Dueño Directo,,Bello Antioquia,600000,2,45,2,1,No,Hasta 5 años,Alquilo Apto en Unidad Trigales Bello,arriendo apartamento en trigales bello ,https://bello.olx.com.co/alquilo-apto-en-unidad-trigales-bello-iid-1062522633,NO,"https://www.google.com/maps/place/6.347411155700684,-75.5161361694336"
17 Sep,10 Sep,Durley  C,3216445754,None,Apartamento,NO,Dueño Directo,,Bello Antioquia,680000,3,27,1,1,None,Hasta 5 años,Se Alquila Aparta Estudio Servicios Incl,Servicios incluidos ,https://bello.olx.com.co/se-alquila-aparta-estudio-servicios-incl-iid-1062520244,NO,"https://www.google.com/maps/place/6.342692852020264,-75.54935455322266"
17 Sep,10 Sep,Somos ámbito Inmobiliario,3017971348,None,Apartamento,NO,Inmobiliaria,,Bello Antioquia,850000,3,60,3,2,Si,Entre 5 y 10 años,APARTAMENTO ESTACION NIQUIA,Apartamento con excelentes acabados muy buena ubicación sector seguro y tranquilo cuenta con 3 habitaciones dos baños sala comedor cocina integral zona de ropas parqueadero comun ,https://bello.olx.com.co/apartamento-estacion-niquia-iid-1060046325,NO,
17 Sep,10 Sep,Arrendamientos del Norte,44442716,None,Apartamento,NO,None,,Bello Antioquia,650000,3,74,3,1,None,Entre 5 y 10 años,Apartamento en Arriendo Ubicado en BELLO,Codigo Inmueble 1970 Código 1970 3 PISO EN EDIFICACIÓN DE 4 PISOS MÁXIMO PARA 4 PERSONAS Acceso al inmueble por escalas ,https://bello.olx.com.co/apartamento-en-arriendo-ubicado-en-bello-iid-1062469429,NO,
17 Sep,10 Sep,Arrendamientos del Norte,44442716,None,Apartamento,NO,None,,Bello Antioquia,680000,3,48,2,1,None,Entre 5 y 10 años,Apartamento en Arriendo Ubicado en BELLO,Codigo Inmueble 4005 Código 4005 PISO 23 EN EDIFICACIÓN DE 28 PISOS Acceso al inmueble por Sendero Peatonal ascensor y escalas ALCOBAS CON PUERTAS CABINA EN VIDRIO PARQUEADERO PARA CARRO ,https://bello.olx.com.co/apartamento-en-arriendo-ubicado-en-bello-iid-1062469183,NO,
17 Sep,10 Sep,Arrendamientos del Norte,44442716,None,Casa,NO,None,,Bello Antioquia,900000,3,72,3,1,None,Entre 5 y 10 años,Casa en Arriendo Ubicado en BELLO,Codigo Inmueble 1692 2 PISO EN EDIFICACIÓN DE 3 PISOS ALCOBAS CON PUERTA Y BAÑO ENCHAPADO NO PERMITEN MASCOTAS ,https://bello.olx.com.co/casa-en-arriendo-ubicado-en-bello-iid-1062469171,NO,
17 Sep,10 Sep,Arrendamientos del Norte,44442716,None,Apartamento,NO,None,,Bello Antioquia,620000,3,54,3,2,None,Entre 5 y 10 años,Apartamento en Arriendo Ubicado en BELLO,Codigo Inmueble 530 Código 530 5 PISO EN EDIFICACIÓN DE 5 PISOS Acceso al inmueble por Sendero Peatonal y escalas ,https://bello.olx.com.co/apartamento-en-arriendo-ubicado-en-bello-iid-1062469101,NO,
17 Sep,10 Sep,Arrendamientos del Norte,44442716,None,Apartamento,NO,None,,Bello Antioquia,620000,3,56,2,1,None,Entre 5 y 10 años,Apartamento en Arriendo Ubicado en BELLO,Codigo Inmueble 1476 Código 1476 2 PISO EN EDIFICACIÓN DE 3 PISOS NO SE PERMITEN MASCOTAS MÁXIMO PARA 3 PERSONAS Y NO SE PERMITE RUIDO HASTA ALTAS HORAS DE LA NOCHE Acceso al inmueble por Sendero Peatonal escalas ,https://bello.olx.com.co/apartamento-en-arriendo-ubicado-en-bello-iid-1062469036,NO,
17 Sep,10 Sep,Arrendamientos del Norte,44442716,None,Apartamento,NO,None,,Bello Antioquia,600000,3,54,2,1,None,Entre 5 y 10 años,Apartamento en Arriendo Ubicado en BELLO,Codigo Inmueble 1619 2ª PISO DE 3 PISOS ALCOBAS CON PUERTA BAÑO ENCHAPADO BARRA AMERICANA NO SE PERMITEN MASCOTAS NO PONER ROPA EN EL BALCÓN Y MANTENER LA REJA CERRADA DE PRIMER PISO POR SEGURIDAD Acceso al inmueble por escalas ,https://bello.olx.com.co/apartamento-en-arriendo-ubicado-en-bello-iid-1062469014,NO,
17 Sep,10 Sep,Arrendamientos del Norte,44442716,None,Apartamento,NO,None,,Bello Antioquia,640000,2,61,2,1,None,Entre 5 y 10 años,Apartamento en Arriendo Ubicado en BELLO,Codigo Inmueble 1096 Código 1096 4 PISO EN EDIFICACIÓN DE 4 PISOS MASCOTAS QUE NO HAGAN MUCHO RUIDO ,https://bello.olx.com.co/apartamento-en-arriendo-ubicado-en-bello-iid-1062469011,NO,
17 Sep,9 Sep,ARRENDAMIENTOS LA CASTELLANA,3202566063,3202566063,Apartamento,NO,Inmobiliaria,La Castellana,Bello Antioquia,950000,3,60,3,2,Si,A estrenar,se arrienda apartamento PARA ESTRENAR en el trapiche bello,cuenta con 3 alcobas 2 baños sala comedor zona de ropas 3 closets balcon  PARQUEADERO  ARRENDAMIENTOS LA CASTELLANA  TEL 471 77 88  CELWPP 320 256 6063 ,https://bello.olx.com.co/se-arrienda-apartamento-para-estrenar-en-el-trapiche-bello-iid-1059961233,NO,
17 Sep,9 Sep,ARRENDAMIENTOS LA CASTELLANA,3202566063,3202566063,Casa,NO,Inmobiliaria,La Castellana,Bello Antioquia,650000,3,58,3,1,No,Hasta 5 años,se arrienda casa en cabañitas,cuenta con 3 alcobas 1 baño sal acomedor zona de ropas 3 closets sin puertas  SEGUNDO PISO INTERIOR  ARRENDAMIENTOS LA CASTELLANA  TEL 471 77 88  CELWPP 320 256 6063 ,https://bello.olx.com.co/se-arrienda-casa-en-cabanitas-iid-1059960509,NO,
17 Sep,9 Sep,Manuel alejandro Rua o,3046804321,3128481672,Apartamento,NO,Dueño Directo,,Bello Antioquia,500000,2,48,1,1,No,Entre 5 y 10 años,Arriendo Apartamento en Niquia Quitasol,Se arrienda apartamento en Niquia Quitasol Bello Cuenta con 1 habitación Closet Piso en cerámica Baño enchapado y patio de ropas Red de gas Apto para pareja o persona sola Mayores informes 3046804321 o 3128481672 ,https://bello.olx.com.co/arriendo-apartamento-en-niquia-quitasol-iid-1062410085,NO,"https://www.google.com/maps/place/6.347,-75.544"
17 Sep,9 Sep,ARRENDAMIENTOS LA CASTELLANA,3202566063,3202566063,Apartamento,NO,Inmobiliaria,La Castellana,Bello Antioquia,850000,3,60,3,2,No,A estrenar,se arrienda apartamento en el mirador bello,cuenta con 3 alcobas 2 baños 2 closets zona de ropas red de gas  TAMBIEN SE VENDE EN 145000000  ARRENDAMIENTOS LA CASTELLANA  TEL 471 77 88  CELWPP 320 256 6063 ,https://bello.olx.com.co/se-arrienda-apartamento-en-el-mirador-bello-iid-1057166570,NO,
17 Sep,9 Sep,direccion23,3008478020,None,Apartamento,NO,Inmobiliaria,,Bello Antioquia,750000,3,60,3,2,Si,Entre 5 y 10 años,ARRIENDO APARTAMENTO SANTANA BUCAROS BELLO,ARRIENDO APARTAMENTO SANTANA BUCAROS BELLO HABITACIONES 3 CLOSETS 3 BAÑOS 2 SALA COMER COCINA ZONA ROPAS PISO 4 SIN ASENSOR UNIDAD ABIERTA PARQUEADERO COMÚN MAYOR INFORMACIÓN EN EL 3008478020 ,https://bello.olx.com.co/arriendo-apartamento-santana-bucaros-bello-iid-1062400234,NO,
17 Sep,9 Sep,Gustavo G,3012120350,None,Apartamento,NO,Dueño Directo,,Bello Antioquia,1000000,3,62,3,2,Si,A estrenar,Apartamento en MAJAGUA Bello  PARA ESTRENAR  Excelentes acabados, 3 Habitaciones todas con armario  SalaComedor  Cocina y lavadero con excelentes acabados  2 baños  Apartamento totalmente terminado PARA ESTRENAR y con excelentes acabados  Incluye Parqueadero  Cuarto util  Piso 9  Excelente vista ruta de buses e integrado Metro   Piscina niños  Piscina adultos  Gimnasio semidotado  Placa deportiva  Juegos infantiles  Salón social  Zona de mascotas  Condiciones y requisitos  Certificado laboral de las personas que trabajan Recibos de las dos ultimas colillas de pago Cedula de Ciudadanía Referencia comercial Fiador con referencias comerciales  Si la persona es independiente Certificado de ingresos firmado por contador Cedula de Ciudadanía Cámara de comercio inferior a 30 días Referencia comercial Fiador con propiedad raíz   Si cumple con la papelería se encuentra interesadao  o necesita más información Whatsapp 3012120350  Si necesita ver más detallado el inmueble escríbame al Whatsapp y con gusto le envió  un video con el recorrido  Se estudia la papelería y se procede a mostrarlo Muchas GRACIAS ,https://bello.olx.com.co/apartamento-en-majagua-bello-para-estrenar-excelentes-acabados-iid-1062390570,NO,"https://www.google.com/maps/place/6.340000152587891,-75.572998046875"
17 Sep,9 Sep,jhonfredy1234,3148124166,None,Casa,NO,Dueño Directo,,Bello Antioquia,,2,90,3,2,No,A estrenar,ARRIENDO CASA PARA ESTRENAR CARMELITANO BELLO,Arriendo casa para estrenar cerca al colegio carmelitano 90 mts Sala comedor 3 habitaciones con closet cocina integral red de gas 2 baños con cabina zona de ropas balcón  Informes 3148124166 ,https://bello.olx.com.co/arriendo-casa-para-estrenar-carmelitano-bello-iid-1062389979,NO,"https://www.google.com/maps/place/6.340000152587891,-75.56700134277344"
17 Sep,9 Sep,Gustavo G,3012120350,None,Apartamento,NO,Dueño Directo,,Bello Antioquia,650000,2,45,2,1,Si,Hasta 5 años,Apartamento en arriendo  Urbanización residencial Trigales  Bello  650mil, SalaComedor  Cocina con gabinetes  2 Habitaciones con armarios  1 baño  Apartamento total mente terminado  Incluye Parqueadero de moto  Piso 19  Excelente vista ruta de buses e integrado Metro  Condiciones y requisitos  Máximo para 4 personas Certificado laboral de las personas que trabajan Recibos de las dos ultimas colillas de pago Cedula de Ciudadanía Referencia comercial Fiador con referencias comerciales  Si la persona es independiente Certificado de ingresos firmado por contador Cedula de Ciudadanía Cámara de comercio inferior a 30 días Referencia comercial Fiador con propiedad raíz   Si cumple con la papelería se encuentra interesadao  o necesita más información Whatsapp 3012120350  Si necesita ver más detallado el inmueble escríbame al Whatsapp y con gusto le envió  un video con el recorrido  Se estudia la papelería y se procede a mostrarlo Muchas GRACIAS ,https://bello.olx.com.co/apartamento-en-arriendo-urbanizacion-residencial-trigales-bello-650mil-iid-1062386465,NO,"https://www.google.com/maps/place/6.340000152587891,-75.57099914550781"
17 Sep,9 Sep,Gustavo G,3012120350,None,Apartamento,NO,Dueño Directo,,Bello Antioquia,650000,2,45,2,1,Si,Hasta 5 años,Apartamento en Unidad Residencial Trigales Bello Antioquia, SalaComedor  Cocina con gabinetes  2 Habitaciones con armarios  1 baño  Apartamento totalmente terminado  Incluye Parqueadero de moto  Piso 16  Excelente vista ruta de buses e integrado Metro  Condiciones y requisitos  Máximo para 4 personas Certificado laboral de las personas que trabajan Recibos de las dos ultimas colillas de pago Cedula de Ciudadanía Referencia comercial Fiador con referencias comerciales  Si la persona es independiente Certificado de ingresos firmado por contador Cedula de Ciudadanía Cámara de comercio inferior a 30 días Referencia comercial Fiador con propiedad raíz   Si cumple con la papelería se encuentra interesadao  o necesita más información Whatsapp 3012120350  Si necesita ver más detallado el inmueble escribame al Whatsapp y con gusto le envio  un video con el recorrido  Se estudia la papelería y se procede a mostrarlo Muchas GRACIAS ,https://bello.olx.com.co/apartamento-en-unidad-residencial-trigales-bello-antioquia-iid-1062385849,NO,"https://www.google.com/maps/place/6.339000225067139,-75.5719985961914"
17 Sep,9 Sep,Arrendamientos Panorama Norte,4776767u,None,Apartamento,NO,None,La Cumbre,Bello Antioquia,680000,3,50,3,1,None,Entre 10 y 20 años,ARRIENDO DE APARTAMENTO EN LA CUMBRE BELLO  BELLO 387503,387503 ARRIENDO HERMOSO APARTAMENTO EN BELLO LA CUMBRE    ARRIENDO HERMOSO Y COMODO APARTAMENTO CON TRANSPORTE PÚBLICO CERCA SUPERMERCADOS Y COMERCIO EN GENERAL  CARACTERÍSTICAS  Tres habitaciones Cocina semintegral un baño cabinados Piso ceramica red de gas zona de ropas ventanal amplio  3 piso    Código del Inmueble Espacio urbano 863714   Código particular del anunciante NORTE ,https://bello.olx.com.co/arriendo-de-apartamento-en-la-cumbre-bello-bello-387-503-iid-1062370361,NO,
17 Sep,9 Sep,Arrendamiento Metropropiedades,3234642239,3234642239,Apartamento,NO,None,Moderno,Bello Antioquia,850000,3,45,2,1,None,None,ARRIENDO DE APARTAMENTO EN ROBLEDO NOROCCIDENTAL  MEDELLIN 543692,543692 SE ARRIENDA APARTAMENTO EN ROBLEDO DE 2 ALCOBAS 1 BAÑO SALA COMEDOR COCINA SEMI INTEGRAL RED DE GAS CALENTADOR PISO EN CERÁMICA ZONA DE ROPAS VISTA PANORÁMICA  PARA ESTRENAR ACABADOS MODERNOS EXCELENTE UBICACIÓN 45 MTS ESTRATO 3 MAY INF 3234642239 ,https://bello.olx.com.co/arriendo-de-apartamento-en-robledo-noroccidental-medellin-543-692-iid-1062370192,NO,
17 Sep,9 Sep,arrendamientos18,44487771,None,Apartamento,NO,None,,Bello Antioquia,1000000,3,60,3,2,None,Hasta 5 años,ARRIENDO DE APARTAMENTO EN MADERA BELLO  BELLO 67926021,67926021 Apartamento de 60 mts aprox con espacios amplios e iluminados en Unidad cerrada con porteria permanente ascensor y zonas comunes ubicado en excelente sector cerca a la estacion Madera con acceso a transporte publico a diferentes rutas de transporte en zona residencial con acceso a supermercados y farmacias ,https://bello.olx.com.co/arriendo-de-apartamento-en-madera-bello-bello-679-26021-iid-1062368509,NO,
17 Sep,8 Sep,Alejandra S,3012821762,3012821762,Habitación,NO,Dueño Directo,,Bello Antioquia,320000,3,6,1,1,No,Hasta 5 años,Se Arrienda Habitación,Se alquila habitación en Barrio central de bello cerca al parque y cerca la estación de bello en casa familiar de Tres plantas con derecho a internet televisión telefonía lavadora cocina interesados 301 282 1762WhatsApp ,https://bello.olx.com.co/se-arrienda-habitacion-iid-1062363245,NO,"https://www.google.com/maps/place/6.335000038146973,-75.56099700927734"
17 Sep,8 Sep,fabiola p,3195323587,None,Apartamento,NO,Dueño Directo,,Bello Antioquia,500000,3,30,1,1,No,Entre 5 y 10 años,Arriendo Aparta Estudio,el valor incluye servicio de agua y energía ,https://bello.olx.com.co/arriendo-aparta-estudio-iid-1062351387,NO,"https://www.google.com/maps/place/6.337,-75.56"
