Fecha Adquisición,Fecha,Nombre Vendedor,Telefono1,Telefono2,Tipo Inmueble,Amoblado,Tipo Vendededor,Barrio,Ubicación,Precio,Estrato,Metros Cuadrados,Habitaciones,Baños,Parqueadero,Antiguedad,Publicación,Descripción,Link,Pauta,Dirección
27 Sep,5 Sep,Inmobiliaria Fenix,3208390222,None,Casa,NO,Inmobiliaria,,Tunja Boyacá,10000000,4,1100,1,6,None,Entre 20 y 50 años,ARRIENDO CASA CENTRO HISTORICO TUNJA,ARRIENDO CASA CENTRO DE TUNJA Apta para institución espacios amplios consta de dieciséis alcobas seis baños tres salones amplios dos patios uno con marquesina EXCELENTE UBICACIÓN ILUMINACIÓN NATURAL ,https://tunja.olx.com.co/arriendo-casa-centro-historico-tunja-iid-1045940833,SI,
27 Sep,24 Sep,SADIM ,3138075697,None,Apartamento,NO,Inmobiliaria,,Tunja Boyacá,1100000,None,86,3,2,None,None,Apartamento en arriendo hayuelos Tunja,hermoso apartamento para entrenar amplio se entrega con cortinas muy bien ubicado sobre vía principal cuenta con tres habitaciones dos baños sala comedor cocina tipo americano  chimenea parqueadero cubierto vista panorámica ubicado en lo mas prestigioso de tunja ,https://tunja.olx.com.co/apartamento-en-arriendo-hayuelos-tunja-iid-1009329686,SI,
27 Sep,10 Sep,Mundo Vivienda Tunja,3103105847,None,Apartaestudio,NO,Inmobiliaria,,Tunja Boyacá,850000,5,53,2,1,Si,A estrenar,APARTAESTUDIO O 2 HABITACIONES SECTOR CAMPUS SANTO TOMAS EN ARRIENDO,Apartasuite en un quinto piso a escasos metros de la Universidad Santo Tomás consta de 1 habitación 1 baño espacio libre se puede organizar estudio otra habitación walking closet oficina entre otras opciones salacomedor barra de desayunos cocina integral abierta área de ropas garaje y depósito ,https://tunja.olx.com.co/apartaestudio-o-2-habitaciones-sector-campus-santo-tomas-en-arriendo-iid-1051490889,SI,
27 Sep,5 Sep,Inmobiliaria Fenix,3208390222,None,Casa,NO,Inmobiliaria,,Tunja Boyacá,5000000,4,270,10,3,Si,Entre 10 y 20 años,ARRIENDO CASA PARA OFICINAS BARRIO GAITAN,Arriendo casa para oficinas o salud Excelente espacios y ventilación natural Consta de primero piso ocho oficinas un baño segundo piso cuatro oficinas un deposito terraza baño tercer piso tres oficinas zona de cafetería un baño Servicio de luz agua y gas natural ,https://tunja.olx.com.co/arriendo-casa-para-oficinas-barrio-gaitan-iid-1051812561,SI,
27 Sep,26 Sep,Jose de Jesus Benitez C,3123021503,None,Apartamento,NO,Dueño Directo,,Tunja Boyacá,550000,4,65,2,1,Si,Entre 20 y 50 años,Arriendo Apartamento Dos Alcobas Garaje,Arriendo Apartamento dos alcobas con closets cada una baño con ducha eléctrica salacomedor cocina a gas natural sé puede incluir servicios públicos y garaje ,https://tunja.olx.com.co/arriendo-apartamento-dos-alcobas-garaje-iid-1053706775,NO,"https://www.google.com/maps/place/5.539999961853027,-73.35800170898438"
27 Sep,26 Sep,inmobiliaria Macani,3153500500,,Apartamento,NO,Inmobiliaria,,Tunja Boyacá,1350000,5,78,3,2,Si,Hasta 5 años,Se Arrienda Apartamento Edificio Buena Vista Club House,Hermoso apartamento ubicado en uno de los mejores sectores de la ciudad de Tunja cerca al centro comercial Unicentro de Tunja Consta de 78 mts² distribuidos en 3 habitaciones 2 baños cocina integral sala comedor zona de ropas y parqueadero ,https://tunja.olx.com.co/se-arrienda-apartamento-edificio-buena-vista-club-house-iid-1062530634,NO,
27 Sep,26 Sep,inmobiliaria Macani,3153500500,None,Apartamento,NO,Inmobiliaria,,Tunja Boyacá,900000,5,81,3,2,Si,Hasta 5 años,Se Arrienda Apartamento Edificio In Altezza,Increíble apartamento ubicado en uno de los mejores sectores de la ciudad de Tunja Avenida Universitaria Edificio In Altezza cuenta con un área de 81 m2 distribuidos en 3 habitaciones 2 baños el principal con jacuzzi  cocina integral sala comedor zona de ropas balcón parqueadero y deposito Se encuentra en conjunto cerrado con salón social canchas deportivas zona infantil  piscina El Valor incluye administración ,https://tunja.olx.com.co/se-arrienda-apartamento-edificio-in-altezza-iid-1061786143,NO,
27 Sep,26 Sep,paolaaguilar116884,3182655382,None,Apartamento,NO,Dueño Directo,,Tunja Boyacá,650000,3,98,4,2,No,Entre 5 y 10 años,Amplio Apartamento Cerca Al Centro,Apartamento amplio cuenta con 4 habitaciones 3 con clóset cocina semiintegral sala comedor terraza patio de ropas y 2 baños Gas natural ,https://tunja.olx.com.co/amplio-apartamento-cerca-al-centro-iid-1061976001,NO,"https://www.google.com/maps/place/5.544506072998047,-73.34717559814453"
27 Sep,26 Sep,Luis R,3125354633,3125354633,Apartamento,NO,Dueño Directo,,Tunja Boyacá,360000,2,50,2,1,No,Entre 5 y 10 años,Se Arrienda Apartamento,se arrienda apartamento pequeño consta de dos habitaciones cocina baño sala comedor patio todo independiente servicio de luz independiente ubicada cerca a la Universidad juan de castellanos llamar al 3125354633 ,https://tunja.olx.com.co/se-arrienda-apartamento-iid-1063913770,NO,"https://www.google.com/maps/place/5.533999919891357,-73.37200164794922"
27 Sep,26 Sep,inmobiliaria Macani,3153500500,,Casa,NO,Inmobiliaria,,Tunja Boyacá,6000000,3,332,4,4,Si,Entre 5 y 10 años,Se Arrienda Casa Centro Tunja,Espectacular casa ubicada en el centro de la ciudad de Tunja cuenta con un área de 333 mts² aproximadamente distribuidos en 3 pisos 4 habitaciones 4 baños estudio cocina integral sala comedorsala de estarhabitación de ropas y parqueadero ,https://tunja.olx.com.co/se-arrienda-casa-centro-tunja-iid-1052573825,NO,
27 Sep,26 Sep,Mundo Vivienda Tunja,3103105847,None,Apartaestudio,SI,Inmobiliaria,,Tunja Boyacá,650000,5,38,1,1,Si,Hasta 5 años,APARTAESTUDIO SECTOR CAMPUS UNIVERSIDAD SANTO TOMAS EN ARRIENDO,Apartaestudio de 38 m2 cuenta con 1 habitación 1 bao salacomedor cocina integral área de ropas y balcón  Precio 650000 incluida administración  Opción con garaje 680000 incluida la administración  Opción amoblado 1150000 incluida la administración ,https://tunja.olx.com.co/apartaestudio-sector-campus-universidad-santo-tomas-en-arriendo-iid-1051642760,NO,
27 Sep,25 Sep,Inmobiliaria Fenix,3208390222,None,Apartamento,NO,Inmobiliaria,,Tunja Boyacá,700000,4,86,3,2,Si,Entre 10 y 20 años,ARRIENDO APARTAMENTO CERCA A UPTC,ARRIENDO APARTAMENTO CONJUNTO CERRADO Amplias zonas verdes excelente iluminación natural amplios espacios Consta de garaje sala comedor cocina integral zona de ropas amplias y ventilada tres alcobas con closet dos baños estudio ,https://tunja.olx.com.co/arriendo-apartamento-cerca-a-uptc-iid-1040263076,NO,
27 Sep,25 Sep,Inmobiliaria Fenix,3208390222,None,Apartamento,NO,Inmobiliaria,,Tunja Boyacá,600000,2,70,2,1,No,Entre 10 y 20 años,ARRIENDO APARTAMENTO CERCA A LA UNIVERSIDAD JUAN DE CASTELLANOS,Arriendo apartamento excelente iluminación y ventilación natural amplios espacios  Consta de sala comedor independiente cocina semiintegral zona de ropas cuarto y baño de servicio dos alcobas con closet un baño ,https://tunja.olx.com.co/arriendo-apartamento-cerca-a-la-universidad-juan-de-castellanos-iid-1063342231,NO,
27 Sep,25 Sep,Mundo Vivienda Tunja,3103105847,None,Apartaestudio,NO,Inmobiliaria,,Tunja Boyacá,550000,4,30,1,1,Si,Entre 5 y 10 años,APARTAESTUDIO NORTE TUNJA EN ARRIENDO,Apartaestudio en un cuarto nivel consta de salacomedor cocina integral área de ropas 1 habitación y 1 baño ,https://tunja.olx.com.co/apartaestudio-norte-tunja-en-arriendo-iid-1044676063,NO,
27 Sep,25 Sep,Inmobiliaria Fenix,3208390222,None,Apartamento,NO,Inmobiliaria,,Tunja Boyacá,450000,2,43,2,1,No,A estrenar,ARRIENDO APARTAMENTO BARRIO SAN FRANCISCO,Arriendo apartamento para estrenar sector Sur cerca a a Plaza de Mercado del Sur Consta de sala comedor cocina semiintegral zona de ropas dos alcobas un baño ,https://tunja.olx.com.co/arriendo-apartamento-barrio-san-francisco-iid-1061366331,NO,
27 Sep,25 Sep,Inmobiliaria Fenix,3208390222,None,Casa,NO,Inmobiliaria,,Tunja Boyacá,700000,2,90,4,2,No,Entre 5 y 10 años,ARRIENDO CASA BARRIO LA CALLEJA,ARRIENDO CASA CERCA A UPTC Consta de sala comedor cocina patio de ropas cuatro alcobas dos baños EXCELENTE ILUMINACIÓN NATURAL ,https://tunja.olx.com.co/arriendo-casa-barrio-la-calleja-iid-1062584836,NO,
27 Sep,25 Sep,Inmobiliaria Fenix,3208390222,None,Apartamento,NO,Inmobiliaria,,Tunja Boyacá,900000,5,50,2,2,Si,Entre 5 y 10 años,ARRIENDO APARTAMENTO BARRIO MESOPOTAMIA,Arriendo apartamento excelente sector Consta de garaje sala comedor cocina integral zona de ropas dos alcobas con closet dos baños ,https://tunja.olx.com.co/arriendo-apartamento-barrio-mesopotamia-iid-1063605986,NO,
27 Sep,24 Sep,Inmobiliaria Fenix,3208390222,None,Apartamento,NO,Inmobiliaria,,Tunja Boyacá,800000,4,48,2,1,Si,Entre 5 y 10 años,ARRIENDO APARTAMENTO CERCA UPTC,Arriendo apartamento Barrio la Maria cerca a la Universidad UPTC Consta de garaje sala comedor cocina integral zona de ropas dos alcobas con closet un baño ,https://tunja.olx.com.co/arriendo-apartamento-cerca-uptc-iid-1057250496,NO,
27 Sep,24 Sep,Inmobiliaria Fenix,3208390222,None,Apartamento,NO,Inmobiliaria,,Tunja Boyacá,850000,5,72,3,2,No,Entre 5 y 10 años,ARRIENDO APARTAMENTO BARRIO MESOPOTAMIA,Arriendo apartamento Barrio Mesopotamia conjunto cerrado Consta de sala comedor cocina integral zona de ropas tres alcobas con closet dos baños zona de estudio ,https://tunja.olx.com.co/arriendo-apartamento-barrio-mesopotamia-iid-1057245562,NO,
27 Sep,24 Sep,inmobiliaria Macani,3153500500,None,Apartamento,NO,Inmobiliaria,,Tunja Boyacá,1200000,5,61,2,2,No,Entre 5 y 10 años,Se Arrienda Apartamento Edificio El Cid Club House  Estadio la Independencia,Se vende apartamento en el Edificio El Cid diagonal al estadio de la Idependencia cuenta con un área de 61 metros cuadrados distribuidos en 2 habitaciones 2 closet 2 baños cocina integral tipo americana balcón   El edificio cuenta con salón social piscinas parqueadero para visitantes turco vigilancia las 24 horas gimnasio planta eléctrica ,https://tunja.olx.com.co/se-arrienda-apartamento-edificio-el-cid-club-house-estadio-la-independencia-iid-1061264452,NO,
27 Sep,22 Sep,dcquemba599,None,None,None,NO,Inmobiliaria,,Tunja Boyacá,250000,2,13,2,1,No,Entre 5 y 10 años,Habitacin,2 personas ,https://tunja.olx.com.co/habitacin-iid-1063582224,NO,
27 Sep,20 Sep,Zamara Beltran B,3204827763,None,Apartaestudio,NO,Dueño Directo,,Tunja Boyacá,500000,5,35,1,1,No,Hasta 5 años,ARRIENDO APARTAESTUDIO CERCA A LA UPTC,Arriendo apartaestudio en la ciudad de Tunja ubicado en el edificio ESKALA cerca a la UPTC consta de una habitación un baño salacomedor cocina zona de lavado calentador a gas  valor 500000 con administración incluida ,https://tunja.olx.com.co/arriendo-apartaestudio-cerca-a-la-uptc-iid-1063382189,NO,"https://www.google.com/maps/place/5.547999858856201,-73.35900115966797"
27 Sep,18 Sep,Hugo Jose Medina L,3204991698,3204991698,Casa,NO,Dueño Directo,,Tunja Boyacá,520000000,2,500,4,2,Si,Hasta 5 años,Vendo Casa en Sachica,casa lote que consta de 4 amplias alcobas 2 baños salacomedor cocina semi integral 2 chimeneas garaje para 6 carroszona bbq el lote tiene 500m2 y la construccion 210 m2 inf 3204991698 ,https://tunja.olx.com.co/vendo-casa-en-sachica-iid-1016915272,NO,"https://www.google.com/maps/place/5.531000137329102,-73.36399841308594"
27 Sep,18 Sep,Hector,3132895010,None,Casa,NO,Dueño Directo,,Tunja Boyacá,600000,3,70,4,2,No,Entre 5 y 10 años,ARRIENDO HERMOSA CASA FAMILIAR,HERMOSA CASA FAMILIAR UBICADA EN EL BARRIO SAN ANTONIO DIAGONAL AL COLISEO EN EL CONJUNTO CERRADO MIRADOR DE ORIENTE Carrera 1 con calle 13 CASA 6 MANZ F TIENE 70 mt2 DE CONSTRUCCION CUENTA CON CUATRO HABITACIONES DOS BAÑOS UNO CON CALENTADOR DE AGUA A GAS SALACOMEDOR AMPLIO PATIO DE ROPAS COCINA TODOS LOS SERVICIOS EL CONJUNTO CUENTA CON VIGILANCIA PRIVADA CAMARAS DE SEGURIDAD XITOFONO ZONAS COMUNES  CANCHA DE TENIS Y PARQUE INFANTIL ENTRE OTROS ,https://tunja.olx.com.co/arriendo-hermosa-casa-familiar-iid-1063237051,NO,"https://www.google.com/maps/place/5.520999908447266,-73.3550033569336"
27 Sep,17 Sep,martinezlg201570197,3002504330,None,Apartaestudio,NO,Dueño Directo,,Tunja Boyacá,570000,3,38,1,1,No,Hasta 5 años,Arriendo lindo apartaestudio,Arriendo lindo apartaestudio casi nuevo   A una cuadra de la facultad de salud UPTC cuatro cuadras de la Plaza de Bolívar  Cómodo muy iluminado excelentes vistas 38 m2 gas natural estrato 3  El costo mensual incluye el costo mensual de la administración ,https://tunja.olx.com.co/arriendo-lindo-apartaestudio-iid-1063138200,NO,"https://www.google.com/maps/place/5.534999847412109,-73.35800170898438"
27 Sep,16 Sep,Rodrigo López  López P,3115238169,None,None,NO,Dueño Directo,,Tunja Boyacá,420000,3,110,2,1,Si,Entre 5 y 10 años,Arriendo Apt Muy Bonito en Tunja,calle 5 No 15  36 ,https://tunja.olx.com.co/arriendo-apt-muy-bonito-en-tunja-iid-1063033735,NO,"https://www.google.com/maps/place/4.74854850769043,-74.06754302978516"
27 Sep,14 Sep,Javier P,3204073787,3133455424,Habitación,SI,Dueño Directo,,Tunja Boyacá,250000,4,9,1,1,None,Entre 20 y 50 años,Arriendo habitación amoblada en Tunja 250000oo,Habitación  amoblada en casa de familia  Barrio Santa Barbara en el centro histórico de Tunja Gobernación Alcaldía Juzgados Universidades Santo Tomas Juan de Castellanos de Boyaca estrato 4  TV por Claro Internet WiFi Agua caliente  Habitación baño compartido 250000 yo Garaje solo para vehículo 100000  Tel 313 345 54 24 ,https://tunja.olx.com.co/arriendo-habitacion-amoblada-en-tunja-250-000-oo-iid-972865547,NO,"https://www.google.com/maps/place/5.545000076293945,-73.35800170898438"
27 Sep,13 Sep,psicomoni147,3102772221,None,Apartamento,NO,Dueño Directo,,Tunja Boyacá,500000,3,65,2,1,No,Hasta 5 años,SE ARRIENDA APARTAMENTO EN TUNJA CERCA A MEDILASER Y UNIBOYACA CAMINITOS DE OICATA DOS,ARRIENDO APARTAMENTO EN TUNJA  CAMINITOS DE OICATA DOS CERCA A MEDILASER Y UNIBOYACA 2 ALCOBAS CADA UNA CON CLOSET SALA COMEDOR COCINA INTEGRAL  PATIO DE ROPAS INDEPENDIENTE Y ESTUDIO ACCCESO A  ZONAS COMUNES AREA BBQ  SALON DE EVENTOS PARQUE PARA NIÑOS  PRECIO 500000 INCLUYE ADMINISTRACION CONTACTO 3102772221 ,https://tunja.olx.com.co/se-arrienda-apartamento-en-tunja-cerca-a-medilaser-y-uniboyaca-caminitos-de-oicata-dos-iid-1062775829,NO,"https://www.google.com/maps/place/5.545000076293945,-73.35800170898438"
27 Sep,11 Sep,luisaaldanatunja968,3054492183,None,Habitación,NO,Dueño Directo,,Tunja Boyacá,180000,5,9,1,1,No,A estrenar,SE ARRIENDA HABITACION PARA CABALLERO,CERCA DEL CENTRO COMERCIAL VIVATUNJA DEL CENTRO COMERCIAL CENTRO NORTE Y SUPERMERCADO DE OLIMPICA DE CENTRO COMERCIAL UNICENTRO Y SUPERMERCADO DE JUMBO  CERCA DEL CAMPUS DE LA UNIVERSIDAD SANTO TOMAS Y DE LA UNIVERSIDAD PEDAGOGICA Y TECNOLOGICA DE COLOMBIA AVENIDA NORTE  CON AGUA TIBIA EN EL BAÑO INTERNET WIFI CON O SIN DERECHO DE COCINA  EL BAÑO ES COMPARTIDO CON OTRO CABALLERO  CEL 3054492183 ,https://tunja.olx.com.co/se-arrienda-habitacion-para-caballero-iid-1062613836,NO,"https://www.google.com/maps/place/5.545000076293945,-73.35800170898438"
27 Sep,10 Sep,ADRIAN R,3144496177,None,None,SI,Dueño Directo,,Tunja Boyacá,265000,3,13,1,1,None,Hasta 5 años,Arriendo Bonita Alcoba para Dama,ARRIENDO BONITA ALCOBA PARA DAMA AMOBLADA  UBICADA A 2 CUADRAS DE LA PLAZA DE BOLIVAR DE TUNJA INCLUYE SERVICIOS DERECHO A COCINA  PARQUEADERO OPCIONAL wiffi ,https://tunja.olx.com.co/arriendo-bonita-alcoba-para-dama-iid-906627130,NO,"https://www.google.com/maps/place/5.53757381439209,-73.36361694335938"
27 Sep,10 Sep,Javier S,3134238899,None,Apartamento,NO,Inmobiliaria,,Tunja Boyacá,420000,3,23,1,1,None,Hasta 5 años,ARRIENDO APARTA ESTUDIO CARRERA 14 A No1530,Cocina área de ropas barra para comedor 1 alcoba 1 baño ,https://tunja.olx.com.co/arriendo-aparta-estudio-carrera-14-a-no-15-30-iid-1062523299,NO,
27 Sep,9 Sep,Diana N,3143144746,None,Apartamento,NO,Dueño Directo,,Tunja Boyacá,380000,2,100,2,2,No,Entre 5 y 10 años,Arriendo APARTAMENTO inf3143144746,Arriendo apartamento amplio ubicado al suroccidente de Tunja urbanización el Balcón de la Villa costado nortel barrio Bolivar consta de Dos habitaciones dos baños sala comedor cocina y patio El valor no incluye pago de servicios No garaje Primer piso entrada independiente Estrato 2 ,https://tunja.olx.com.co/arriendo-apartamento-inf-3143144746-iid-1062440653,NO,"https://www.google.com/maps/place/5.545000076293945,-73.35800170898438"
27 Sep,9 Sep,Andres C,3103105847,None,Apartaestudio,SI,Inmobiliaria,,Tunja Boyacá,700000,4,36,1,1,No,Hasta 5 años,APARTAESTUDIO AMOBLADO SECTOR SEDE MEDICINA UPTC,Apartaestudio amoblado 36mts en consta de salacomedor cocina integral área de ropas 1 habitación y 1 baño Cuenta con nevera lavadora horno microondas calentador a gas bombillos ahorradores filtro de agua pura biblioteca cama 2 sillas 2 mesas de noche persianas de lujo mesa de computador mesa de centro de sala mesa para TV licuadora olla arrocera cafetera juego de vajilla y utensilios de cocina El precio es con la administración incluida puede llamar al 310 3105847 pregunta por el código 101446 ,https://tunja.olx.com.co/aparta-estudio-amoblado-sector-sede-medicina-uptc-iid-1062438848,NO,
27 Sep,7 Sep,nsnicolas944879,3133717743,3212023833,Apartamento,NO,Dueño Directo,,Tunja Boyacá,140000000,3,60,2,1,No,Entre 5 y 10 años,VENTA APARTAMENTO EN TUNJA 140000000,VENTA DE APARTAMENTO EN TUNJAALPIE DEL PARQUE EL BOSQUE  EN UN SEGUNDO PISO  TIENE 2 HABITACIONES  SALA COMEDOR  1 BAÑO  COCINA INTEGRAL  ZONA HUMEDA  TODOS LOS SERVICIOS PRECIO 140000000 NEGOCIABLES INTERESADOS LLAMAR AL 3212023833  3133035499 ,https://tunja.olx.com.co/venta-apartamento-en-tunja-140-000-000-iid-1062271449,NO,"https://www.google.com/maps/place/5.5229997634887695,-73.36599731445312"
27 Sep,2 Sep,Paola,3102326143,None,Habitación,NO,Dueño Directo,,Tunja Boyacá,150000,6,12,1,1,No,A estrenar,Se arrienda habitación,Para caballero ceraca a la universidad agua tibia en los baños y wifi ,https://tunja.olx.com.co/se-arrienda-habitacion-iid-1061769121,NO,"https://www.google.com/maps/place/5.51200008392334,-73.38200378417969"
27 Sep,1 Sep,Fredy Alexander  García H,3214792851,None,Apartamento,NO,Dueño Directo,,Tunja Boyacá,700000,5,45,1,1,Si,Hasta 5 años,Arriendo apto estudio en Terrazas club house,Arriendo apto estudio casi nuevo en terraza club house 2 tiene excelentes acabados parqueadero privado su ubicacion es una cuadra atras del CC unicentro en la Cra 2  40  85 El valor incluye la administración ,https://tunja.olx.com.co/arriendo-apto-estudio-en-terrazas-club-house-iid-1061710352,NO,"https://www.google.com/maps/place/5.541999816894531,-73.35900115966797"
27 Sep,31 Ago,David  G,3004086000,None,Apartaestudio,NO,Dueño Directo,,Tunja Boyacá,400000,1,33,1,1,Si,Hasta 5 años,Ariendo Apartaestudio,xx ,https://tunja.olx.com.co/ariendo-apartaestudio-iid-1061663864,NO,"https://www.google.com/maps/place/5.545000076293945,-73.35700225830078"
27 Sep,31 Ago,Daniel A,3016361357,None,Habitación,NO,Dueño Directo,,Tunja Boyacá,260000,4,10,1,1,No,Entre 10 y 20 años,Arriendo Habitacion Cerca Uptc Tunja,Luminosa y cómoda habitación en un tercer piso cerca a la universidad UPTC en Tunja Barrio los Rosales Baño compartido con 1 persona Cañon incluye agua luz e internet  No hay cocina   Sector seguro y tranquilo ,https://tunja.olx.com.co/arriendo-habitacion-cerca-uptc-tunja-iid-1061654331,NO,"https://www.google.com/maps/place/5.527942657470703,-73.36305236816406"
27 Sep,28 Ago,inmobiliaria Macani,3153500500,,Apartamento,NO,Inmobiliaria,,Tunja Boyacá,1200000,5,95,3,2,No,Hasta 5 años,Se Arrienda Apartamento Edificio Terrazas Club House,Espectacular apartamento ubicado en uno de los mejores sectores de la ciudad de Tunja cuenta con un área de 95 mts² distribuidos en 3 habitaciones 2 baños cocina integral sala comedor zona de ropas y balcón  El edificio cuenta con Salon social zonas verdes piscina bolos pista atletica zona bbq ,https://tunja.olx.com.co/se-arrienda-apartamento-edificio-terrazas-club-house-iid-1058881188,NO,
27 Sep,28 Ago,inmobiliaria Macani,3153500500,,Apartamento,SI,Inmobiliaria,,Tunja Boyacá,1000000,4,45,2,1,Si,Hasta 5 años,Se Arrienda Apartamento Amoblado edificio San Michelle  Tunja,Hermoso apartamento AMOBLADO ubicado en el edificio San Michelle en la ciudad de Tunja Cuenta con un área de 45 mts² aproximadamente distribuidos en 2 habitaciones 1 baño cocina integral sala comedor zona de ropas y parqueadero VALOR ARRIENDO 1000000 ADMON INCLUIDA Más información comunícate al 3153500500 ,https://tunja.olx.com.co/se-arrienda-apartamento-amoblado-edificio-san-michelle-tunja-iid-1058866882,NO,
27 Sep,27 Ago,Deicy L,3112703990,3214513415,Habitación,NO,Dueño Directo,,Tunja Boyacá,280000,4,10,1,1,No,Entre 5 y 10 años,ARRIENDO HABITACIÓN TUNJA BARRIO SOAQUIRA AVENIDA NORTE,HABITACIÓN AMPLIA CON CLOSET BAÑO CON TODOS LOS SERVICIOSAGUA LUZ GAS BARRIO SOAQUIRA AVENIDA NORTE  FRENTE A BAVARIA DERECHO A USO DE COCINA NEVERA Y AREA DE LAVADO INFORMES 3112703990  3214513415 ,https://tunja.olx.com.co/arriendo-habitacion-tunja-barrio-soaquira-avenida-norte-iid-1037631738,NO,"https://www.google.com/maps/place/5.544000148773193,-73.35800170898438"
27 Sep,27 Ago,ortizlibardo01729,3107570378,None,Habitación,NO,Dueño Directo,,Tunja Boyacá,250000,2,40,2,2,No,Entre 5 y 10 años,SE ARRIENDA HERMOSA Y ECONOMICA HABITACION CERCA A LA UNAD TUNJA,Se arrienda económica y hermosa habitación cerca a la UNAD en Tunja Boyaca Con todos los servicios incluidos para mayor información llamar o escribir al 3107570378 ,https://tunja.olx.com.co/se-arrienda-hermosa-y-economica-habitacion-cerca-a-la-unad-tunja-iid-1061283243,NO,"https://www.google.com/maps/place/5.5289998054504395,-73.35299682617188"
27 Sep,25 Ago,sandralirojas204,3212150628,3112059608,Apartamento,NO,Dueño Directo,,Tunja Boyacá,1050000,5,89,3,2,Si,Hasta 5 años,ARRIENDO APTO MARIA FERNANDA,ARRIENDO APTO USADO EN EXCELENTE ESTADO BUENA UBICACION ALEJADO DEL RUIDO EXCELENTE VISTA PARQUEADERO INDIVIDUAL Y DEPOSITO DE BUEN TAMAÑO TRES ALCOBAS ESTUDIO DOS BAÑOS SALA COMEDOR ZONA DE ROPAS  COCINA INTEGRAL PUERTA DE SEGURIDAD INF 3212150628 3112059608 ,https://tunja.olx.com.co/arriendo-apto-maria-fernanda-iid-1061136631,NO,"https://www.google.com/maps/place/5.547999858856201,-73.35700225830078"
27 Sep,25 Ago,Nicolas Alejandro Avila M,3132967266,3125832491,Apartamento,NO,Dueño Directo,,Tunja Boyacá,680000,4,40,1,1,No,Hasta 5 años,ARRIENDO APARTA ESTUDIO,EDIFICIO ARTEK Ubicado diagonal a la casa del gobernador sobre la avenida Olímpica  Aparta estudio cuenta con  cocina tipo americano  sala comedor  habitación con closet y baño privado  Se encuentra encortinado cuenta con NEVERA y dos sillas tipo bar  Información  Cel 3125832491  Cel 3132967266 ,https://tunja.olx.com.co/arriendo-aparta-estudio-iid-1061125484,NO,"https://www.google.com/maps/place/5.543000221252441,-73.35399627685547"
27 Sep,25 Ago,Julián Alejandro  Cárdenas g,3203854746,3203854746,Habitación,NO,Dueño Directo,,Tunja Boyacá,160000,2,5,1,1,No,Entre 5 y 10 años,Se Arrienda Habitación para Dama,Se arrienda habitación para dama cerca de la UPTC en el barrio la fuente V etapa Con servicios incluidos incluye TV cable WiFi ducha caliente para más información comunicarse al 3203854746 ,https://tunja.olx.com.co/se-arrienda-habitacion-para-dama-iid-1061084457,NO,"https://www.google.com/maps/place/5.545000076293945,-73.35800170898438"
27 Sep,21 Ago,Brígida M,3105716238,3105716238,Apartaestudio,NO,Inmobiliaria,,Tunja Boyacá,600000,4,37,1,1,No,Hasta 5 años,Arriendo apartaestudio centro,Apartaestudii centrocel 3105716238 ,https://tunja.olx.com.co/arriendo-apartaestudio-centro-iid-1060805410,NO,
27 Sep,21 Ago,JULIO  G,3123130202,None,Apartamento,NO,Dueño Directo,,Tunja Boyacá,550000,5,40,1,1,None,A estrenar,ARRIENDO APTO 908 TORRE A EDF SKALA TUNJA,Arriendo excelente aparta estudio en un noveno piso con excelente vista consta de cocinacomedor sala 1 cuarto con baño privado y balcón con su respectivo armario el edificio posee Locales comerciales Portería con acceso tipo lobby Oficina de administración Sala de juntas Salón de juegos Sauna y jacuzzi Terrazas y zona de BBampQ Guardería Parques infantilescancha de micro futbol y mini baloncesto Amplias zonas verdes el apto tiene ascensor y todos los servicios incluyendo calentador a 1 cuadra de la UPTC TUNJA esta nuevo 550000 incluyendo administración APTO 908 ,https://tunja.olx.com.co/arriendo-apto-908-torre-a-edf-skala-tunja-iid-1050300939,NO,"https://www.google.com/maps/place/5.548999786376953,-73.35800170898438"
27 Sep,21 Ago,Trino  M,3124201281,3142114078,Apartamento,NO,Dueño Directo,,Tunja Boyacá,350000,2,54,2,1,No,Entre 5 y 10 años,Arriendo Apartamento,Arriendo apartamento pequeño barrio Mirador Escandinavo Segundo piso consta de 2 habitaciones salacomedor cocina baño patio de ropa con lavadero Servicios economicos luz agua y gas Info 3142114078  3124201281 ,https://tunja.olx.com.co/arriendo-apartamento-iid-1060720681,NO,"https://www.google.com/maps/place/5.540999889373779,-73.36699676513672"
27 Sep,20 Ago,yenny,3219599109,3133582346,Apartaestudio,SI,Dueño Directo,,Tunja Boyacá,500000,4,30,1,1,No,Entre 5 y 10 años,Arriendo Apartaestudio amoblado,CONTACTO CELULAR 3133582346 El apartamento es un penthouse de un Edificio de 5 pisos ubicado en el barrio los rosales para mas referencia queda muy cerca de la entrada de la uptc al costado norte El Apartamento consta de todos los muebles y enseres que estan publicados en la fotografia el valor del arrendamiento es de 500000 amoblado y 400000 sin amoblar Por ser un Edificio que cuenta con propiedad horizontal cada apartamento cuenta con sus contadores independientes y el valor de los servicios es por el valor del consumo que cacelaria la persona que tome en arriendo la administracion es por valor de 40000 y los servicios de agua luz y agua llegan en promedio entre 80000 y 100000 los tres servicios para el servicio de Internet se hace un acuerdo con la vecina de al lado y se le paga un punto de 20000 pesos Se hace un Contrato minimo de seis meses  LOS REQUISITOS ES TENER UN FIADOR CON FINCA RAIZ SOLVENTE ,https://tunja.olx.com.co/arriendo-apartaestudio-amoblado-iid-1060682539,NO,"https://www.google.com/maps/place/5.5329999923706055,-73.36000061035156"
27 Sep,20 Ago,Carolina,3208022002,None,Apartamento,NO,Dueño Directo,,Tunja Boyacá,830000,4,75,2,3,Si,Hasta 5 años,Arriendo Excelente apartamento duplex muy acogedor  bien ubicado B Mesopotamia,Se arrienda excelente apartamento duplex muy acogedor ubicado en uno de los mejores sectores de Tunja en el Barrio Mesopotamia cerca a Universidades centros comerciales zonas de recreación entre otras cuenta con dos habitaciones cada una con baño privado lo que permite mayor privacidad zona social con baño independiente cocina integral zona de ropas independiente y parqueadero privado ,https://tunja.olx.com.co/arriendo-excelente-apartamento-duplex-muy-acogedor-bien-ubicado-b-mesopotamia-iid-1060633270,NO,"https://www.google.com/maps/place/5.544000148773193,-73.3550033569336"
27 Sep,19 Ago,andreavillamizartunja259,3223851769,None,Habitación,NO,Dueño Directo,,Tunja Boyacá,180000,5,12,1,1,No,A estrenar,SE ARRIENDA HABITACION PARA CABALLERO,CERCA DE  LA UNIVERSIDAD PEDAGOGICA Y TECNOLOGICA DE COLOMBIA Y DEL CAMPUS DE LA UNIVERSIDAD SANTO TOMAS  CERCA DEL CENTRO COMERCIAL VIVATUNJA Y DEL CENTRO COMERCIAL CENTRO NORTE Y OLIMPICA  CON O SIN DERECHO DE COCINA  URBANIZACIÓN ESTRATO 5 CON EXCELENTES VÍAS DE ACCESO Y DE TRANSPORTE  LA ALCOBA ES AMPLIA Y CONFORTABLE  INTENERT WIFI GRATIS  POR SOLO 180000 INCLUYE UN METRO CUBICO DE AGUA Y 10 KILOVATIOS DE LUZ  SE PUEDE PARQUEAR MOTO  BAÑO COMPARTIDO CON OTRO CABALLERO  CELULAR 3223851769 ,https://tunja.olx.com.co/se-arrienda-habitacion-para-caballero-iid-1060561659,NO,"https://www.google.com/maps/place/5.545000076293945,-73.35800170898438"
27 Sep,19 Ago,Wilson c,None,None,Apartaestudio,NO,Dueño Directo,,Tunja Boyacá,450000,3,28,1,1,No,Hasta 5 años,Apartaestudio moderno para arrendar tel 3104896329,Moderno apartaestudio para arrendar bien ubicado ,https://tunja.olx.com.co/apartaestudio-moderno-para-arrendar-tel-3104896329-iid-1060539760,NO,"https://www.google.com/maps/place/5.545000076293945,-73.35700225830078"
27 Sep,16 Ago,diegokunbb530,3225957892,None,Apartamento,NO,Dueño Directo,,Tunja Boyacá,1100000,5,74,3,2,Si,Entre 5 y 10 años,ARRIENDO HERMOSO APARTAMENTO EN BUENA VISTA CLUB HOUSE FRENTE A UNICENTRO,ARRIENDO LINDO APATAMENTO EDIFICIO BUENA VISTA CLUB HOUSE  3 HABITACIONES 2 BAÑOS Y UNO DE ELLOS CON TINA PARQUEADERO CON DEPOSITO El edificio consta de piscina  turco gimnasio  zona BBQ El canon de arrendamiento es de 1100000 mas administracion  CEL 3225957892 ,https://tunja.olx.com.co/arriendo-hermoso-apartamento-en-buena-vista-club-house-frente-a-unicentro-iid-1060354928,NO,"https://www.google.com/maps/place/5.545000076293945,-73.35800170898438"
27 Sep,16 Ago,Inmobiliaria Fenix,3208390222,None,Apartamento,NO,Inmobiliaria,,Tunja Boyacá,220000000,5,83,3,2,Si,Entre 5 y 10 años,ARRIENDO  VENDO APARTAMENTO SECTOR NORTE,Arriendo  vendo apartamento DUPLEX Barrio Mesopotamia ,https://tunja.olx.com.co/arriendo-vendo-apartamento-sector-norte-iid-1057781612,NO,
27 Sep,15 Ago,Armando ospina C,3108088837,None,Apartamento,NO,Dueño Directo,,Tunja Boyacá,900000,4,90,3,2,Si,A estrenar,APARTAMENTO EN ARRIENDO AL NORTE PRADOS DE ALCALA,ARRIENDO APARTAMENTO AL NORTE DE LA CIUDAD DE TUNJA CONSTA DE 3 HABITACIONES 2 BAÑOS SALA COMEDOR COCINA INTEGRAL ÁREA DE ROPAS GARAJE Y DEPOSITO ,https://tunja.olx.com.co/apartamento-en-arriendo-al-norte-prados-de-alcala-iid-1060297566,NO,"https://www.google.com/maps/place/5.545000076293945,-73.35800170898438"
27 Sep,15 Ago,Ronald miguel Peña r,3167109730,None,None,NO,Dueño Directo,,Tunja Boyacá,750000,4,57,2,2,No,A estrenar,Arriendo Departamento Duplex Nuevo 2 Hab,Apartamento para estrenar 2 habitación y 2 baños duplex ,https://tunja.olx.com.co/arriendo-departamento-duplex-nuevo-2-hab-iid-1060234238,NO,"https://www.google.com/maps/place/5.545000076293945,-73.35700225830078"
27 Sep,14 Ago,Ricardo Santiago c,3125366927,None,None,NO,Dueño Directo,,Tunja Boyacá,270000,3,5,1,1,No,Hasta 5 años,Arriendo Abitacion Calle21 Carrera6,se arrienda abitacion con baño privado incluye luz agua friacaliente gas  cosina wiffi tv por cablecalle 21 con carrera 6  2085 ,https://tunja.olx.com.co/arriendo-abitacion-calle21-carrera6-iid-1060190218,NO,"https://www.google.com/maps/place/5.454999923706055,-73.36199951171875"
27 Sep,13 Ago,Jorge M,3124927730,None,Apartaestudio,NO,Dueño Directo,,Tunja Boyacá,400000,3,64,2,1,Si,Entre 10 y 20 años,Apartaestudio en Arriendo,Apartaestudio 4to piso  ubicado frente al Colegio Andino a 2 minutos a pie de la Clínica Medilaser o a 5 minutos de la Uniboyacá Cuenta con  Habitación principal con ventana a la calle encortinada closet en madera baño privado con ducha instalación para internet o tv lista para contratar el servicio Lavadero pequeño espacio para cocinacomedor incluye platero gabinete para loza estufa a gas cilindro y mueble Altillo en madera con techo en declive acceso con escalera cuenta con instalación para internet o tv lista para contratar el servicio ventana para iluminación encortinada tomacorriente Funciona como segunda habitación   El edificio cuenta con vigilancia privada circuito cerrado de monitoreo servicio de parqueadero por noche 24 horas o mensualidad  COSTO ADICIONAL directamente con la administración  Canon de arriendo 400000  incluye administración no incluye servicios ,https://tunja.olx.com.co/apartaestudio-en-arriendo-iid-1060034707,NO,"https://www.google.com/maps/place/5.546842098236084,-73.37516021728516"
27 Sep,12 Ago,enlopezl729,3124814878,None,Casa,NO,Dueño Directo,,Tunja Boyacá,2800000,3,190,7,5,Si,Entre 20 y 50 años,Se arrienda casa central en Tunja para uso Institucional Tres pisos,Se arrienda casa de tres pisos a cinco cuadras de la Plaza de Bolivar en Tunja  Para uso institucional  7 cuartos 3 baños y 2 sanitarios ,https://tunja.olx.com.co/se-arrienda-casa-central-en-tunja-para-uso-institucional-tres-pisos-iid-1060010401,NO,"https://www.google.com/maps/place/5.5279998779296875,-73.36199951171875"
27 Sep,12 Ago,Cristian  b,3123420544,3123420544,Apartamento,NO,Dueño Directo,,Tunja Boyacá,450000,3,47,3,1,Si,Entre 5 y 10 años,Bogota Apto Bosa Nuevo Recreo Etapa 3,arriendo apto en nuevo recreo etapa 3 Bosa bogota consta de 3 habitaciones sala comedor baño y cocina previa verificación de documentos que se solicitan será mostrado cita previa 3123420544 ,https://tunja.olx.com.co/bogota-apto-bosa-nuevo-recreo-etapa-3-iid-1060008856,NO,"https://www.google.com/maps/place/5.525528430938721,-73.35652923583984"
27 Sep,10 Ago,silviafernandarj,3144492658,None,Habitación,SI,Dueño Directo,,Tunja Boyacá,550000,3,3,1,1,None,Entre 10 y 20 años,Se arriendan Habitaciones,Se arriendan habitaciones amobladas con alimentación baños con agua caliente servicio de Internet Cerca a las universidades y al centro histórico de la ciudad Mayor información al número 3144492658 ,https://tunja.olx.com.co/se-arriendan-habitaciones-iid-894758605,NO,"https://www.google.com/maps/place/5.519740104675293,-73.36080169677734"
27 Sep,9 Ago,Gilberto A,3104427939,None,Casa,NO,Dueño Directo,,Tunja Boyacá,1850000,4,200,1,3,None,Hasta 5 años,CASA COMERCIAL CERCA A LOS CARRAZOS MADECENTRO Y PLAZA CAMPECINA,CASA COMERCIAL EXCELENTES ACABADOS BAÑO CABALLEROS BAÑO DAMAS Y BAÑO PRIVADO CR DRYWAL PISO PORCELANATO GAS COMERCIAL ENERGIA TRIFASICA APTA PARA OFICINAS EMPRESA O RESTAURANTE LOCAL 160 M2 MAS PATIO 100 M2 CERCA A LOS CARRAZOS MADECENTRO Y PLACITA CAMPESINA CEL 3104427939 ,https://tunja.olx.com.co/casa-comercial-cerca-a-los-carrazos-madecentro-y-plaza-campecina-iid-1059694760,NO,"https://www.google.com/maps/place/5.538000106811523,-73.35199737548828"
27 Sep,8 Ago,Cristián Leonardo Ochoa C,3158033373,None,Apartamento,NO,Dueño Directo,,Tunja Boyacá,500000,2,100,3,1,No,Entre 5 y 10 años,Arriendo Apartamento San Francisco,costa de tres habitaciones   baño cocina  comedor  patio de ropa  sala  servicios compartidos menos la luz ,https://tunja.olx.com.co/arriendo-apartamento-san-francisco-iid-1059658437,NO,"https://www.google.com/maps/place/5.508999824523926,-73.36799621582031"
27 Sep,8 Ago,Leonardo Y,None,None,Casa,NO,None,,Tunja Boyacá,650000,None,None,None,None,None,None,Se Arrienda Hermosa Casa 3 Habitaciónes, ,https://tunja.olx.com.co/se-arrienda-hermosa-casa-3-habitaciones-iid-1059631901,NO,
27 Sep,5 Ago,sierrafonsecaca841,None,None,None,NO,Dueño Directo,,Tunja Boyacá,250,2,10,1,1,No,Hasta 5 años,ARRIENDO HABITACIN PARA DAMA,Arriendo amplia habitacin con bao privado ducha cocina Internet ,https://tunja.olx.com.co/arriendo-habitacin-para-dama-iid-1059389998,NO,"https://www.google.com/maps/place/5.5276994705200195,-73.3537368774414"
27 Sep,4 Ago,Jeffer Arturo Estupiñan R,None,None,Apartamento,NO,Dueño Directo,,Tunja Boyacá,780000,3,70,3,1,Si,A estrenar,Arriendo apartamento ibague TORREMARANTA,3 habitaciones bao sala cockna parqueadero dos baos ,https://tunja.olx.com.co/arriendo-apartamento-ibague-torremaranta-iid-1059288698,NO,"https://www.google.com/maps/place/5.544641971588135,-73.35755920410156"
27 Sep,2 Ago,juan s,3112571120,3112571120,None,SI,Dueño Directo,,Tunja Boyacá,180000,2,50,1,1,Si,Entre 5 y 10 años,Arriendo habitacin,Habitacin amoblada todos los servicios 3112571120 ,https://tunja.olx.com.co/arriendo-habitacin-iid-1059070403,NO,"https://www.google.com/maps/place/5.54531717300415,-73.36821746826172"
27 Sep,31 Jul,roselcolombia425,3214359782,None,Casa,NO,Dueño Directo,,Tunja Boyacá,950000,3,268,7,2,None,Entre 10 y 20 años,Arriendo Casa esquinera con local comercial Barrio Kennedy Tunja,Casa esquinera 268 metros cuadrados de construción  7 habitaciones un local comercial sala comedor garage amplio patio de ropas 2 baños ,https://tunja.olx.com.co/arriendo-casa-esquinera-con-local-comercial-barrio-kennedy-tunja-iid-963883314,NO,"https://www.google.com/maps/place/5.540999889373779,-73.35600280761719"
27 Sep,30 Jul,jose r,3137227361,None,Habitación,NO,Dueño Directo,,Tunja Boyacá,220000,3,5,1,1,No,Entre 10 y 20 años,Habitacion,se arrienda habitacion para estudiantebarrio trigales con  cosina integral y baño compatido ,https://tunja.olx.com.co/habitacion-iid-1058793618,NO,"https://www.google.com/maps/place/5.545,-73.357"
27 Sep,27 Jul,gustavo s,3187304726,None,Apartaestudio,NO,Dueño Directo,,Tunja Boyacá,400000,2,60,1,1,No,Entre 5 y 10 años,Arriendo Apartaestudio,arriendo apartaestudio  muy bonito ,https://tunja.olx.com.co/arriendo-apartaestudio-iid-1058550464,NO,"https://www.google.com/maps/place/5.533999919891357,-73.36499786376953"
27 Sep,25 Jul,alex B,3204857967,None,Habitación,NO,Dueño Directo,,Tunja Boyacá,230000,2,15,1,None,Si,Entre 5 y 10 años,Arriendo Habitación, ,https://tunja.olx.com.co/arriendo-habitacion-iid-1058364018,NO,"https://www.google.com/maps/place/5.525519847869873,-73.36080169677734"
27 Sep,23 Jul,erika j,3174405424,3214416521,Apartamento,NO,Dueño Directo,,Tunja Boyacá,950000,4,50,3,2,No,Hasta 5 años,Arriendo Apartamento Duplex,apartamento duplex en el centro de la ciudad en un primer piso excelentes acabados sala comedor cocina integral dos baños con calentador a gas tres habitaciones con armario amplio sala de tv patio de ropas piso laminado luces led no tiene parqueadero servicios se pagan aparte no se paga administracion informes 3214416521 3174405424 ,https://tunja.olx.com.co/arriendo-apartamento-duplex-iid-1058161670,NO,"https://www.google.com/maps/place/5.545000076293945,-73.35800170898438"
27 Sep,18 Jul,Monica Lola B,3115834851,None,Apartamento,NO,Dueño Directo,,Tunja Boyacá,200000000,5,76,3,2,None,A estrenar,Apartamento a Buen Precio,Apartamento ubicado en el 8vo piso torre con vista al viaducto de área privado de 6803 M2 área construida de 7692 M2 balcón 359 M2 cuenta con 3 habitaciones 2 baños sala comedor cocina zona de ropa y estudio Baño de alcoba principal con jacuzzi sonido de radio con luces relajantes Parqueadero y Deposito libre de gravámenes Piscina gimnasio turcos y sauna en el piso 30 ,https://tunja.olx.com.co/apartamento-a-buen-precio-iid-961965768,NO,"https://www.google.com/maps/place/5.538000106811523,-73.35099792480469"
27 Sep,9 Jul,dianafg25369,3057359875,3057359875,None,NO,Dueño Directo,,Tunja Boyacá,20000000,3,20,1,1,Si,Entre 5 y 10 años,ARRIENDO  VENDO PARQUEADERO,ARRIENDO  VENDO PARQUEADERO CENTRAL   CONJUNTO SAN AGUSTIN  CRA 7  23  50  A UNA CUADRA FACULTAD MEDICINA UPTC  UNA CUADRA UNIVERSIDAD ANTONIO NARIÑO   4 CUADRAS GOBERNACIONPLZA BOLIVAR  PARQUEADERO EN SOTANO  20 METROS  INFO 3057359875 ,https://tunja.olx.com.co/arriendo-vendo-parqueadero-iid-1056868462,NO,"https://www.google.com/maps/place/5.534999847412109,-73.35800170898438"
27 Sep,9 Jul,Ronald miguel Peña r,3167109730,None,Apartamento,NO,Dueño Directo,,Tunja Boyacá,750000,4,57,2,2,No,A estrenar,Arriendo O Vendo Apartamento Duplex,Se vende o se arrienda lindo apartamento nuevo  cuenta con lo siguiente 2 habitaciones con sus closest la habitación principal cuenta con su baño privados y una linda tina   2 baños  La cocina integral con excelente acabados  Sala y comedor  Una bodega muy amplia El apartamento es duplex un estilo muy diferente y muy cómodo El apartamento se encuentra ubicado en el barrio palos verdes Tunja cojunto la privamera cerca al bienestar familiar una zona muy tranquila y segura para mayor información al 3167109730 ,https://tunja.olx.com.co/arriendo-o-vendo-apartamento-duplex-iid-1056851148,NO,"https://www.google.com/maps/place/5.545,-73.357"
27 Sep,8 Jul,miguel r,3202284956,None,Habitación,SI,Dueño Directo,,Tunja Boyacá,210000,3,65,1,1,Si,Entre 10 y 20 años,Se Arrienda Habitacion para Dama,habitacion para persona sola amoblada con  internet cocina ducha caliente y tv ,https://tunja.olx.com.co/se-arrienda-habitacion-para-dama-iid-1056766102,NO,"https://www.google.com/maps/place/5.50974702835083,-73.36257934570312"
27 Sep,7 Jul,Juan Calvo A,3125948969,None,Apartamento,NO,Dueño Directo,,Tunja Boyacá,1000000,4,98,3,2,Si,Hasta 5 años,Apartamento Torre Zoaty Arriendo,Apartamento 3 habitaciones 2 baños sala comedor cocina integral parqueadero shut de basuras ascensor videovigilancia Cuenta con 3 años el edificio de creado se entre encortinado pintado y todo nuevo ,https://tunja.olx.com.co/apartamento-torre-zoaty-arriendo-iid-1056738618,NO,"https://www.google.com/maps/place/5.539999961853027,-73.36100006103516"
27 Sep,2 Jul,silviafernandarj,3144492658,3155647792,Habitación,NO,Dueño Directo,,Tunja Boyacá,550000,None,3,1,1,None,None,Se arrienda habitación,Se arrienda habitación con alimentación incluida De domingo a domingo servicio de Internet baño con agua caliente con derecho a lavar en Lavadora Casa de Familia Cerca de las universidades Santo Tomas Sede Centro UPTC Sede de Ciencias de la Salud y Juan De Castellanos sede Central y del centro histórico de Tunja Ubicación Barrio Bochica Tunja Informacion 3144492658 Llamada 3155647792 Whatsapp ,https://tunja.olx.com.co/se-arrienda-habitacion-iid-772691090,NO,"https://www.google.com/maps/place/5.520999908447266,-73.36000061035156"
27 Sep,2 Jul,Carlos M,3138030260,None,Apartaestudio,NO,Dueño Directo,,Tunja Boyacá,250000,2,12,1,1,No,Entre 5 y 10 años,APARTAESTUDIO ARRIENDO CERCA UTPC Y CENTRO,Amplio apartaestudio ubicado cerca a la UPTC y al centro con baño cocina y zona de ropas propias entrada independiente el precio incluye todos los servicios Internet WIFI Tv cable ducha con agua caliente ubicada en zona residencial Info 3138030260 ,https://tunja.olx.com.co/apartaestudio-arriendo-cerca-utpc-y-centro-iid-1056286556,NO,"https://www.google.com/maps/place/5.544000148773193,-73.36900329589844"
27 Sep,2 Jul,erika j,3214416521,3174405424,Apartamento,NO,Dueño Directo,,Tunja Boyacá,550000,4,50,2,1,No,Entre 10 y 20 años,Arriendo apartamento dos habitaciones,apartamento pequeño ubicado en el centro de tunja barrio maldonado  carrera 10 numero 2722 en un cuarto piso consta de Dos habitaciones con armario baño sala comedor cocina con estufa gas natural lavadero NO SE ARRIENDA PARA ESTUDIANTESno tiene garaje no se cobra administración no se permiten mascotas el valor del arriendo son 550000 que incluye servicios de gas y agua y el servicio de luz se paga por aparte información whats app 3214416521 o llamar al 3174405424 ,https://tunja.olx.com.co/arriendo-apartamento-dos-habitaciones-iid-1056284640,NO,"https://www.google.com/maps/place/5.545000076293945,-73.35800170898438"
27 Sep,1 Jul,Olga P,None,None,None,NO,Dueño Directo,,Tunja Boyacá,230000,3,12,1,1,No,Hasta 5 años,Se arrienda habitacin,La habitacin tiene bao privado closet balcn y entrada independiente ,https://tunja.olx.com.co/se-arrienda-habitacin-iid-1056159498,NO,"https://www.google.com/maps/place/5.538000106811523,-73.35800170898438"
27 Sep,30 Jun,Maickol Rachen S,3124041281,None,Habitación,NO,Dueño Directo,,Tunja Boyacá,290000,3,65,2,1,No,Entre 5 y 10 años,Arriendo Habitaciones,Arriendo Habitaciones a una cuadra de la Plaza de Bolivar con derecho a cocinasala comedor ambiento no familiar mayores informes 3124041281 ,https://tunja.olx.com.co/arriendo-habitaciones-iid-1056100046,NO,"https://www.google.com/maps/place/5.531000137329102,-73.36100006103516"
27 Sep,24 Sep,Maritza C,3132843423,3132843423,Apartamento,NO,Dueño Directo,,Duitama Boyacá,700000,2,75,3,2,Si,Hasta 5 años,Apartamento en arriendo,LLamar al 3132843423 cita previa ,https://duitama.olx.com.co/apartamento-en-arriendo-iid-1063766758,NO,"https://www.google.com/maps/place/5.827000141143799,-73.03299713134766"
27 Sep,24 Sep,Leidy C,None,None,Apartamento,NO,Dueño Directo,,Duitama Boyacá,470000,2,60,3,2,No,Hasta 5 años,Apartamento,Barrio las delicias tercer piso ,https://duitama.olx.com.co/apartamento-iid-1063739100,NO,"https://www.google.com/maps/place/5.826895236968994,-73.03292846679688"
27 Sep,22 Sep,adurango10,3108784837,None,Apartamento,NO,Dueño Directo,,Duitama Boyacá,900000,5,100,4,3,Si,Entre 5 y 10 años,Arriendo Apartamento La Floresta Club Duitama Boyaca,El apartamento es amplio y luminoso Consta de sala comedor alcoba principal con baño privado 2 alcobas con un baño auxiliar y una alcoba para el servicio con su respectivo baño todas las alcobas con sus closet Además una zona de biblioteca o estudio Cuenta con chimeneacitófono la sala comedor piso laminado los cuartos alfombrados en buen estado Es un 3 piso y cuenta con ascensor Un garaje propio cubierto y disponibilidad para visitantes Conjunto cerrado que posee piscina zona deportes saunavigilancia BBQ gimnasio salón comunal cancha de tenis basquetbol zonas verdes Calle 13 No 2760   Apartamento 306 Torre 2 Garaje 68  Canon de arrendamiento y administración incluida 90000000 ,https://duitama.olx.com.co/arriendo-apartamento-la-floresta-club-duitama-boyaca-iid-1063575348,NO,"https://www.google.com/maps/place/5.817999839782715,-73.03099822998047"
27 Sep,22 Sep,Olga  M,3142047775,None,None,NO,Dueño Directo,,Duitama Boyacá,3000000,3,220,1,2,No,Entre 5 y 10 años,Arriendo Bodega O Local 220m,se arrienda para local o bodega  220m primer  piso  y mezanine  muy buena ubicación  cerca  al centro  comercial  innovo  ,https://duitama.olx.com.co/arriendo-bodega-o-local-220m-iid-1055449675,NO,"https://www.google.com/maps/place/5.826651573181152,-73.0380630493164"
27 Sep,18 Sep,MM I,3108142398,None,None,NO,Inmobiliaria,,Duitama Boyacá,1000000,4,78,3,2,None,A estrenar,SOLOARRIENDOS EN DUITAMA,ARRENDAMOS SU INMUEBLE 15 años de experiencia Garantizamos el pago de su arriendo pague o no pague el inquilino servicios públicos administración conservación de su inmueble info 3108142398 ,https://duitama.olx.com.co/soloarriendos-en-duitama-iid-1063253006,NO,
27 Sep,17 Sep,vadadi10537,3148581225,None,None,NO,Dueño Directo,,Duitama Boyacá,360000,2,70,2,1,No,Entre 5 y 10 años,Arriendo segundo piso barrio boyaca duitama 3148581225 al lado del colegio boyaca,ARRIENDO 2DO PISO información 3148581225 ,https://duitama.olx.com.co/arriendo-segundo-piso-barrio-boyaca-duitama-3148581225-al-lado-del-colegio-boyaca-iid-1063156665,NO,"https://www.google.com/maps/place/5.826000213623047,-73.0469970703125"
27 Sep,17 Sep,MAQUINAS Y B,3128079270,None,None,NO,Dueño Directo,,Duitama Boyacá,450000,2,100,3,2,Si,Hasta 5 años,Hermosa cabaña,se arrienda hermosa cabaña con excelente vista panorámica  en la  ciudad de Duitama ,https://duitama.olx.com.co/hermosa-cabana-iid-1063138136,NO,"https://www.google.com/maps/place/5.809999942779541,-73.01599884033203"
27 Sep,15 Sep,blathmer785,3102032148,None,Apartamento,NO,Dueño Directo,,Duitama Boyacá,100000,3,70,2,1,No,Hasta 5 años,ARRIENDO APARTAMENTO,Apartamento con 2 alcobas sala comedor cocina integral baño patio de ropas y terraza ,https://duitama.olx.com.co/arriendo-apartamento-iid-1062922439,NO,"https://www.google.com/maps/place/5.815000057220459,-73.0199966430664"
27 Sep,12 Sep,Alejandro  D,3123459221,None,Casa,NO,Dueño Directo,,Duitama Boyacá,900000,None,132,4,3,None,None,Arriendo Hermosa Casa en Conjunto Cerrad,Arriendo hermosa casa de tres pisos Consta de primer piso sala y comedor independientes baño auxiliar  cocina integral patio de ropa Segundo piso Tres alcobas con closet empotrado un baño un balcón Tercer pisoamplia habitación principal con baño privado y terraza totalmente cubierta en policarbonato Se entrega con persianas y panel japonés Servicios de agua luz trifasica y gas natural estrato 3 Garaje en el sótano con puerta automática Conjunto cerrado con cámaras ,https://duitama.olx.com.co/arriendo-hermosa-casa-en-conjunto-cerrad-iid-1062702912,NO,"https://www.google.com/maps/place/5.827000141143799,-73.03299713134766"
27 Sep,10 Sep,estadisticaesegrh922,3156675116,None,Apartamento,NO,Dueño Directo,,Duitama Boyacá,16000000,2,95,2,1,No,Entre 5 y 10 años,Apartamento Empeño,Apartamento pequeño dos habitaciones sala comedor baño patio de ropas cerca a la glorieta san Jose llamar después de las 4 pm 31566751163115595263 ,https://duitama.olx.com.co/apartamento-empeno-iid-1062482860,NO,"https://www.google.com/maps/place/5.802000045776367,-73.01499938964844"
27 Sep,9 Sep,deimerstiven57455,3115595263,3156675116,Apartamento,NO,Dueño Directo,,Duitama Boyacá,16000000,2,95,2,1,No,Entre 5 y 10 años,APARTAMENTO,Apartamento pequeño EN EMPEÑO segundo piso con sala comedor  dos habitaciones cocina baño patio de ropas servicios agua luz gas contactar después de las 400 pm cel 3156675116 ,https://duitama.olx.com.co/apartamento-iid-1062414017,NO,"https://www.google.com/maps/place/5.827000141143799,-73.03299713134766"
27 Sep,8 Sep,Annery Rahmer E,None,None,None,NO,Dueño Directo,,Duitama Boyacá,550,3,60,2,1,No,A estrenar,Arriendo,Apto Central cerca al innovo y liberadores ,https://duitama.olx.com.co/arriendo-iid-1062346390,NO,"https://www.google.com/maps/place/5.826895236968994,-73.03292846679688"
27 Sep,5 Sep,Juan Gabriel M,3219993088,None,None,NO,Dueño Directo,,Duitama Boyacá,390000,2,64,3,1,Si,Entre 5 y 10 años,Arriendo Y Vendo,arriendo apt o vendo 3 cuartos 1 baño sala comedor cosina patio ,https://duitama.olx.com.co/arriendo-y-vendo-iid-1062120979,NO,"https://www.google.com/maps/place/5.826651573181152,-73.0380630493164"
27 Sep,31 Ago,CONSORCIO INMOBILIARIO DE COLOMBIA,3204948193,None,Apartamento,NO,Inmobiliaria,,Duitama Boyacá,140000000,3,72,3,2,No,Entre 10 y 20 años,SE VENDE APARTAMENTO EN DUITAMA,Se arrienda apartamento con un área de 72m2 consta de 3 habitaciones con closet 2 baños sala comedor cocina integral zona de lavado se entrega encortinado conjunto residencial las acacias  Inf 32049481933173317904 ,https://duitama.olx.com.co/se-vende-apartamento-en-duitama-iid-1044888734,NO,
27 Sep,26 Ago,Carlos E H,3143924066,3212664825,Habitación,SI,Dueño Directo,,Duitama Boyacá,300000,4,10,1,1,None,Entre 5 y 10 años,HABITACIONES COMPLETAMENTE AMOBLADAS TIPO HOTEL,Arrendamos Habitaciones completamente amobladas INTERNET DE 20 MEGAS TV cable80 canales Netflix agua caliente sabanas cobijas uso de lavadora y cocina equipada ESTAMOS UBICADOS frente al hospital regional Duitama al lado de la IPS Dr LUNA y también muy cerca de la terminal de transportes ARRENDAMOS POR DIAS O MESES NOS ACOMODAMOS A SUS NECESIDADES LLAMENOS 3143924066 3212664825 ,https://duitama.olx.com.co/habitaciones-completamente-amobladas-tipo-hotel-iid-993574533,NO,"https://www.google.com/maps/place/5.813000202178955,-73.03099822998047"
27 Sep,23 Ago,Stella M,3138619266,None,Apartamento,NO,Dueño Directo,,Duitama Boyacá,550000,3,65,2,2,None,Hasta 5 años,ARRIENDO HERMOSO APARTAMENTO EN DUITAMA  CARRERA 30 N 20  53,ARRIENDO APARTAMENTO  Menos de un año de uso 550000 incluye administración Salacomedor amplia cocina integral zona de ropas dos habitaciones con closet dos baños iluminación LED hermosa vista Zona residencial tranquila y segura cerca a colegios Santo Tomás de Aquino Técnico Rafael Reyes UPTC pueblito Boyacense glorieta de San José y comercio en general a 5 minutos del centro de la ciudad Acceso por la vía a Coca Cola Transversal 20 y Av Circunvalar Transporte público cercano ,https://duitama.olx.com.co/arriendo-hermoso-apartamento-en-duitama-carrera-30-n-20-53-iid-1061000239,NO,"https://www.google.com/maps/place/5.821000099182129,-73.02400207519531"
27 Sep,18 Ago,logisticadestinoscol,3176769157,None,Casa,NO,Dueño Directo,,Duitama Boyacá,40000000,2,3000,3,3,Si,Hasta 5 años,casa campestre mas potreros mas caballerisas mas galpones,finca en empeño con 3 potreros con buen pasto caballerisas en madera baño social  galpon para gallinas aves con agua naciente  casa campestre de 3 habitaciones con closet 2 baños sala comedor cocina integral patio de ropas corredor exterior  excelente espacio ,https://duitama.olx.com.co/casa-campestre-mas-potreros-mas-caballerisas-mas-galpones-iid-1060506378,NO,"https://www.google.com/maps/place/5.8379998207092285,-73.03399658203125"
27 Sep,18 Ago,unaffrs182,None,None,Apartamento,NO,Dueño Directo,,Duitama Boyacá,650,3,101,3,2,No,Entre 10 y 20 años,Vendo arriendo hermoso apartamento en el corazn de Duitama,Apto 3alcobas 2baos cocina comedor patio ropas saln chimene ,https://duitama.olx.com.co/vendo-arriendo-hermoso-apartamento-en-el-corazn-de-duitama-iid-1060476597,NO,"https://www.google.com/maps/place/5.8255534172058105,-73.03849029541016"
27 Sep,13 Ago,solucioneswilson928,3175697720,None,Casa,NO,Dueño Directo,,Duitama Boyacá,700000,2,178,3,3,Si,Entre 5 y 10 años,Arriendo casa,Está ubicada en la urbanización el Portal del Unicornio segunda etapa cerca al cerrito encantado en la ciudad de Duitama  Constituida por  Primer piso  Sala  Comedor  Cocina  Sala estudio  Patio de ropas  Baño social  Garaje  segundo piso  3 alcobas con sus respectivos closets  2 baños 1 social y 1 en la alcoba principal  Tercer piso Terraza ó azotea  La casa tiene servicios luz agua y gas natural Estrato 2 se entrega con cortinas en la ventana ,https://duitama.olx.com.co/arriendo-casa-iid-1060085946,NO,"https://www.google.com/maps/place/5.827000141143799,-73.03299713134766"
27 Sep,12 Ago,Nohora P,3144455421,None,Casa,NO,Dueño Directo,,Duitama Boyacá,1100000,4,104,3,3,None,Hasta 5 años,Hermosa casa,Cerca centro comercial innovo frente al colegio de la presentación del norte ,https://duitama.olx.com.co/hermosa-casa-iid-881270262,NO,"https://www.google.com/maps/place/5.835453033447266,-73.02759552001953"
27 Sep,12 Ago,Paula Andrea O,3123130202,None,None,NO,Dueño Directo,,Duitama Boyacá,1200000,1,3000,3,2,Si,Hasta 5 años,se arrienda finca ubicada en la vereda la trinidad DuitamaBOYACA,se arrienda finca ubicada en la vereda la trinidad consta de cabaña bodega de 6x20m2  galpón de 6x20m2 y un area de lote adicional de 2500m2 la cabaña consta de 3 habitaciones 2 baños patio salacomedor cocina mayor información  3123130202  313245787 ,https://duitama.olx.com.co/se-arrienda-finca-ubicada-en-la-vereda-la-trinidad-duitama-boyaca-iid-1059973933,NO,"https://www.google.com/maps/place/5.801000118255615,-73.0270004272461"
27 Sep,5 Ago,Rocío  P,3053406861,None,Apartamento,NO,Dueño Directo,,Duitama Boyacá,550000,3,68,3,2,No,Hasta 5 años,Se Arrienda Apto en Avatar,Bonito Apto piso 17 con hermosa vista consta de amplia sala comedor cocina tipo Americano 3 habitaciones las 3 con closet baño auxiliar y la habitación principal con baño privado con calentador a gas amplias zonas sociales cerca a la clinica Boyacá Hospital Regional de Duitama Almacenes Paraiso D1 Almacenes Ara Universidad Manuela Beltrán excelente rutas de transporte El edificio más alto de Duitama con dos ascensores ,https://duitama.olx.com.co/se-arrienda-apto-en-avatar-iid-1059383958,NO,"https://www.google.com/maps/place/5.815,-73.033"
27 Sep,5 Ago,Eberth Yesid Castañeda G,3209710914,None,None,NO,Dueño Directo,,Duitama Boyacá,250000,2,8,1,None,No,Hasta 5 años,Se arrienda habitaciòn,Habitación con todos los servicios en el centro de Duitama baño compartido llamar y preguntar por la señora Ruth ,https://duitama.olx.com.co/se-arrienda-habitacion-iid-1059317937,NO,"https://www.google.com/maps/place/5.824999809265137,-73.03199768066406"
27 Sep,4 Ago,yesidpuerto,3132619395,None,Apartamento,NO,Dueño Directo,,Duitama Boyacá,350000,3,50,3,1,No,Hasta 5 años,Apartamento en arriendo Duitama Aproveche,Muy barato cómodo y seguro barrio María Auxiliadora a una cuadra del mercopolis de la calle 10 3 habitaciones cocina baño y patio de ropas Cerca al centro de la ciudad excelente ubicación Llame ya3132619395 ,https://duitama.olx.com.co/apartamento-en-arriendo-duitama-aproveche-iid-1059288847,NO,"https://www.google.com/maps/place/5.816999912261963,-73.02799987792969"
27 Sep,3 Ago,Natalia Andrea G,None,None,Apartamento,NO,Inmobiliaria,,Duitama Boyacá,450000,2,80,3,2,No,Hasta 5 años,Hermoso Apartamento,Se arrienda hermoso apartamento consta de 3 habitaciones 2 baños sala comedor cosina El valor del arriendo incluye la administración ,https://duitama.olx.com.co/hermoso-apartamento-iid-1059207408,NO,
27 Sep,31 Jul,angieraigoso369726,3128079270,None,Casa,NO,Dueño Directo,,Duitama Boyacá,450000,2,100,3,2,Si,Hasta 5 años,se arrienda linda casa cabaña en duitama  en excelentes condiciones,casa cabaña cómoda  consta de tres habitaciones dos baños con agua caliente  sala comedor  cocina  patio  lavandería y parqueadero ,https://duitama.olx.com.co/se-arrienda-linda-casa-cabana-en-duitama-en-excelentes-condiciones-iid-1058928077,NO,"https://www.google.com/maps/place/5.853000164031982,-73.02799987792969"
27 Sep,26 Jul,Andres Felipe C,3172472501,None,Apartamento,NO,Dueño Directo,,Duitama Boyacá,450000,3,56,3,2,None,Entre 5 y 10 años,Arriendo Apartamento Duitama 450000,Se arrienda hermoso apartamento en perfecto estado en el conjunto Robledales  Duitama consta de 3 habitaciónes con closet incluído sala comedor cocina integral y 2 baños 450000 incluida administración ,https://duitama.olx.com.co/arriendo-apartamento-duitama-450-000-iid-1058443710,NO,"https://www.google.com/maps/place/5.827000141143799,-73.03299713134766"
27 Sep,21 Jul,samisave829,3118196606,None,Apartamento,NO,Dueño Directo,,Duitama Boyacá,450000,2,57,3,2,None,Hasta 5 años,ARRIENDO APTO NUEVO,ARRIENDO APTO UBICADO EN EL CONJUNTO RESIDENCIAL ROBLEDALES TIENE 3 HABITACIONES SALA COMEDOR COCINA Y 2 BAÑOS PISOS EN PORCELANATO CONJUNSTO CERRADO ZONAS VERDES JARDIN INFANTIL  CEL 3118196606 DUITAMA  BOYACA ,https://duitama.olx.com.co/arriendo-apto-nuevo-iid-915368453,NO,"https://www.google.com/maps/place/5.827000141143799,-73.03299713134766"
27 Sep,21 Jul,José Gustavo R,None,None,None,NO,Dueño Directo,,Duitama Boyacá,777,3,373,1,None,Si,Entre 10 y 20 años,Construcción Reparación de Inmuebles,embellecemos todo tipo de inmueble ,https://duitama.olx.com.co/construccion-reparacion-de-inmuebles-iid-1057966092,NO,"https://www.google.com/maps/place/5.827000141143799,-73.03299713134766"
27 Sep,16 Jul,Erika m,3164705777,None,Casa,NO,Dueño Directo,,Duitama Boyacá,900000,2,165,3,3,Si,Entre 5 y 10 años,SE ARRIENDA CASA EN DUITAMA,Se arrienda casa de habitación unifamiliar ubicada en el sector Colegio Campestre San Diego barrio Olaya Herrera calle 15 A 346 con las siguientes características Primer Piso Garaje Sala comedor cocina integral en madera y estufa empotrada gabinetes y gabeteros en madera todo en perfecto estado 01 baño con accesorios patio de ropas y  alberca  en  concreto   cortina   en  el  comedor  panel   japonés  Segundo   Piso   3 alcobas   todas  con   closet   y   puertas   en   madera   en   prefecto   estado  cortinas  sher elegance hall de estudio un baño auxiliar con accesorios división en acrílico y ducha eléctrica alcoba principal con baño privado con accesorios división en acrílico ducha eléctrica cortinas sher elegance y blackout en ventana principal y puerta salida al balcón Tercer Piso Terraza y tanque de reserva de agua puertas y ventanas frontales como traseras en hierro Servicio de agua gas natural y energía Disponible a partir del 1 de septiembre del año en curso Mayor información 3164705777 ,https://duitama.olx.com.co/se-arrienda-casa-en-duitama-iid-1057548567,NO,"https://www.google.com/maps/place/5.839000225067139,-73.03900146484375"
27 Sep,8 Jul,nicolo5611426,3208505315,None,None,NO,Dueño Directo,,Duitama Boyacá,600000,3,65,3,2,None,A estrenar,DuitamaLoma linda Aptmto 404 Carrera 8N950 con PARQUEADERO,Se arrienda apartamento en la ciudad de Duitama con servicio de parqueadero ,https://duitama.olx.com.co/duitama-loma-linda-aptmto-404-carrera-8n9-50-con-parqueadero-iid-1056812615,NO,"https://www.google.com/maps/place/5.827000141143799,-73.03299713134766"
27 Sep,1 Ago,Noe Z,3214713721,None,Apartaestudio,SI,Dueño Directo,,Sogamoso Boyacá,800000,3,30,1,1,Si,Hasta 5 años,Arriendo Apartaestudio Amoblado,ARRIENDO APARTAESTUDIO DISPONIBLE COMPLETAMENTE AMOBLADO PARA CONTRATISTAS ESTUDIANTES  EN PRACTICA VACACIONES MAXIMO DOS PERSONAS SE ENTREGA ENCORTINADO  UNA ALCOBA CON CAMA SEMIDOBLE  CLOSET ESTUDIO Y TV   UN BAÑO CON DIVISION Y AGUA CALIENTE   SALA Y  COMEDOR TIPO AMERICANO   CITOFONO  COCINA INTEGRAL CON MENAJE  NEVERA  LAVADORA  PARQUEADERO INCLUYE TODOS LOS SERVICIOS  ADMINISTRACION ENERGIA ELECTRICA GAS NATURAL AGUA INTERNET Y TELEVISION  CONJUNTO CERRADO CON ASCENSOR VIGILANCIA 24 HORAS PARQUE INFANTIL AMBIENTE TRANQUILO RODEADO DE BOSQUE Y VISTA A LA CIUDAD VIAS DE ACCESO PRINCIPAL CERCA INFORMACION wapp 3214713721 ,https://sogamoso.olx.com.co/arriendo-apartaestudio-amoblado-iid-1012173354,SI,"https://www.google.com/maps/place/5.716000080108643,-72.93099975585938"
27 Sep,25 Sep,Felipe R,3004436881,None,Habitación,NO,Dueño Directo,,Sogamoso Boyacá,257000,2,20,1,None,None,Hasta 5 años,Habitación Todo Incluído,A 5 minutos de La UPTC SOGAMOSO Conjunto residencial la Candelaria  Persona sola   Habitacion serviciostv de Tigointernet de alta velocidad con baño compartido 255000   Habitacion serviciostv de Tigointernet de alta velocidad con baño independiente265000  Habitacion serviciostv de Tigointernet de alta velocidad con baño independiente parqueadero carro o moto 285000  Información al3004436881 Ver menos ,https://sogamoso.olx.com.co/habitacion-todo-incluido-iid-1063880924,NO,"https://www.google.com/maps/place/5.704999923706055,-72.94100189208984"
27 Sep,24 Sep,Omar Gilberto Páez P,3102510685,None,Apartamento,NO,Dueño Directo,,Sogamoso Boyacá,75000000,3,45,1,1,Si,Entre 10 y 20 años,Aparta Estudio,Cocina integral gas natural porcelana to techo Pvc ,https://sogamoso.olx.com.co/aparta-estudio-iid-1063694468,NO,"https://www.google.com/maps/place/5.716000080108643,-72.93099975585938"
27 Sep,20 Sep,rizssard198,3234826242,None,Habitación,SI,Dueño Directo,,Sogamoso Boyacá,10000,3,16,1,1,No,Entre 20 y 50 años,HABITACIONES AMOBLADAS SOGAMOSO BOYACA,HOTEL SANTHORINY SOGAMOSO HABITACIONES AMOBLADAS HOSPEDAJE POR DIAS O TEMPORADAS EN SOGAMOSO SALIDA INDEPENDIENTE SECTOR TRANQUILO SEGURO AGUA CALIENTE TVCABLE INTERNET WASSAP 3234826242 ,https://sogamoso.olx.com.co/habitaciones-amobladas-sogamoso-boyaca-iid-1063376361,NO,"https://www.google.com/maps/place/5.716000080108643,-72.93099975585938"
27 Sep,19 Sep,maria l,3234826242,None,Apartamento,SI,Dueño Directo,,Sogamoso Boyacá,180000,3,65,3,2,No,Entre 5 y 10 años,APARTAMENTOS  AMOBLADOS EN SOGAMOSO BOYACA 3234826242,APARTAMENTOS AMOBLADOS  HOSPEDAJE POR DIAS O TEMPORADAS  EN SOGAMOSO BOYACA CERCA A LA REGISTRADURIA CAPACIDA 5 6  PERSONAS 3 HAB2 BAÑOS TVCABLE INTERNET 180000 POR DIAREQUIERE DEPOSITO wassap CEL 3234826242 ,https://sogamoso.olx.com.co/apartamentos-amoblados-en-sogamoso-boyaca-3234826242-iid-1046280726,NO,"https://www.google.com/maps/place/5.716000080108643,-72.93099975585938"
27 Sep,17 Sep,Sebastián M,3115772117,None,Apartamento,NO,Dueño Directo,,Sogamoso Boyacá,600000,2,80,3,2,No,A estrenar,Arriendo Apartamento,Se arrienda apartamento sector universidad consta de 3 habitaciones 2 baños sin garaje Informes 3115772117 ,https://sogamoso.olx.com.co/arriendo-apartamento-iid-1063107083,NO,"https://www.google.com/maps/place/5.709586143493652,-72.9345703125"
27 Sep,14 Sep,chyquii1005,3144930533,None,Apartamento,NO,Dueño Directo,,Sogamoso Boyacá,450000,2,53,3,None,No,Hasta 5 años,Arriendo Apartamento,Se arrienda apartamento consta de 3 habitaciones sin closet 2 baños sala comedor cosina y patio de ropas Ademas cuenta con servicios de agua luz gas y calentador a gas  precio es de 450000 incluida la administracion ,https://sogamoso.olx.com.co/arriendo-apartamento-iid-1062906529,NO,"https://www.google.com/maps/place/5.7210001945495605,-72.91200256347656"
27 Sep,13 Sep,María B,3209535816,3209535816,Apartamento,NO,Dueño Directo,,Sogamoso Boyacá,430000,2,68,3,1,None,Entre 5 y 10 años,Arriendo apartamento de tres habitaciones  barrio Valdez Tavera calle 9 No 24  42,Arriendo apartamento en el barrio Valdez Tavera calle 9 No 24  42 tiene tres habitaciones sala de recibo sala comedor cocina baño patio de ropas Servicios de Luz Agua y Gas Natural Estrato 2 Valor 430000 Negociable Mayores informes Celular 3209535816 ,https://sogamoso.olx.com.co/arriendo-apartamento-de-tres-habitaciones-barrio-valdez-tavera-calle-9-no-24-42-iid-1062836011,NO,"https://www.google.com/maps/place/5.718999862670898,-72.93900299072266"
27 Sep,10 Sep,nelson ricardo n,3214674955,None,Habitación,NO,Dueño Directo,,Sogamoso Boyacá,0,3,10,1,1,No,Entre 10 y 20 años,ARRIENDO HABITACIÓN DAMA SOGAMOSO,Se arrienda habitación para dama con servicios incluidos tv cable ducha agua caliente wifi ambiente familiar ,https://sogamoso.olx.com.co/arriendo-habitacion-dama-sogamoso-iid-1062492970,NO,"https://www.google.com/maps/place/5.7220001220703125,-72.9229965209961"
27 Sep,3 Sep,Maria L,3125448470,None,Apartamento,NO,Dueño Directo,,Sogamoso Boyacá,700000,3,90,3,2,No,Hasta 5 años,Apartamento en arriendo,Ubicado cerca al almacen Exito Sogamoso ,https://sogamoso.olx.com.co/apartamento-en-arriendo-iid-1061892816,NO,"https://www.google.com/maps/place/5.7170000076293945,-72.93000030517578"
27 Sep,31 Ago,Mario  M,3138808969,None,Apartaestudio,SI,Dueño Directo,,Sogamoso Boyacá,820000,3,30,1,1,Si,Hasta 5 años,Se Arrienda Apartaestudio Amoblado,Se arrienda Apartaestudio amoblado y equipado por meses con todos los servicios  incluidos en excelente sector con excelentes acabados ,https://sogamoso.olx.com.co/se-arrienda-apartaestudio-amoblado-iid-1056316947,NO,"https://www.google.com/maps/place/5.727,-72.916"
27 Sep,27 Ago,Angela G,None,None,Casa,NO,Dueño Directo,,Sogamoso Boyacá,10000,2,203,4,2,No,Entre 20 y 50 años,Se vende dos casa,Dos casa independiente ,https://sogamoso.olx.com.co/se-vende-dos-casa-iid-1061322197,NO,"https://www.google.com/maps/place/5.716084957122803,-72.9311294555664"
27 Sep,22 Ago,Anca R,3003030196,None,Apartamento,NO,Dueño Directo,,Sogamoso Boyacá,7,3,75,3,1,Si,Entre 20 y 50 años,Apartamento en Arriendo,apartamento recien remodelado 3 habitaciones  1 baño  sala comedor  garaje  patio de ropas con conexión de lavadora  cocina integral servicios totalmente independientes  excelente precio interesados al telefono 3003030196 SOGAMOSO BOYACA ,https://sogamoso.olx.com.co/apartamento-en-arriendo-iid-1060844804,NO,"https://www.google.com/maps/place/5.715961933135986,-72.94183349609375"
27 Sep,21 Ago,nansari7638,3142717862,None,Apartamento,NO,Dueño Directo,,Sogamoso Boyacá,680000,2,55,2,2,Si,Entre 10 y 20 años,APARTAMENTO  EDIFICIO CONTINENTAL PLAZA SOGAMOSO,ARRIENDO APARTAMENTO EXCELENTE UBICACIÓN  PISO 5 EDIFICIO CONTINENTAL PLAZA SOGAMOSO PARQUE DE LA VILLA CENTRO DE NEGOCIOS Y COMERCIO DE LA CIUDAD ,https://sogamoso.olx.com.co/apartamento-edificio-continental-plaza-sogamoso-iid-1060735779,NO,"https://www.google.com/maps/place/5.715000152587891,-72.927001953125"
27 Sep,18 Ago,fabian,3178211967,None,Habitación,SI,Dueño Directo,,Sogamoso Boyacá,250000,3,9,1,1,None,Entre 10 y 20 años,Arriendo habitación Sogamoso, Se arrienda habitación con closet  Derecho a cocina con estufa y nevera gas natural  Baño compartido con ducha de agua caliente  Lavadero cubierto  TV Cable Internet Wifi  Servicios incluidos Apartamento compartido     Se Arrienda para una sola persona   Se exige Certificación laboral comprobable  El valor del arriendo de este anuncio es sin muebles para saber el precio de la habitación amoblada favor comunicarse al 3178211967 ,https://sogamoso.olx.com.co/arriendo-habitacion-sogamoso-iid-934814753,NO,"https://www.google.com/maps/place/5.71999979019165,-72.93699645996094"
27 Sep,15 Ago,Laura  C,3133426368,None,Apartamento,NO,Dueño Directo,,Sogamoso Boyacá,370000,2,90,3,2,No,Hasta 5 años,Se Arrienda Apartamento,Se arrienda apartamento en Sogamoso cuenta con 3 habitaciónes 2 baños sala comedor patio de ropas y gas natural No se aceptan mascotas  3133426368 ,https://sogamoso.olx.com.co/se-arrienda-apartamento-iid-1060280260,NO,"https://www.google.com/maps/place/5.716,-72.931"
27 Sep,9 Ago,juver  p,3108787988,None,Apartamento,NO,Dueño Directo,,Sogamoso Boyacá,550000,2,70,3,2,No,Entre 10 y 20 años,Arriendo Apartamento,Se arrienda comodo apartamento en segundo piso en conjunto recidencial Rafael Bayona consta de 3 habitaciones 2 baños sala comedor cocina semintegral vigilancia privada ,https://sogamoso.olx.com.co/arriendo-apartamento-iid-1059754590,NO,"https://www.google.com/maps/place/5.711,-72.937"
27 Sep,8 Ago,Ana Julia castro c,3228122534,None,Habitación,NO,Dueño Directo,,Sogamoso Boyacá,180000,3,10,1,1,No,Hasta 5 años,Habitación Cerca a Uptc Sogamoso,Habitación para ESTUDIANTE a dos cuadras de la UPTC Sogamoso Servicios de incluidos ,https://sogamoso.olx.com.co/habitacion-cerca-a-uptc-sogamoso-iid-1059624174,NO,"https://www.google.com/maps/place/5.703999996185303,-72.94400024414062"
27 Sep,8 Ago,Laura Torres D,3115927289,None,Apartamento,NO,Dueño Directo,,Sogamoso Boyacá,700000,3,90,3,2,No,Hasta 5 años,SE ARRIENDA APARTAMENTO CENTRO DE SOGAMOSO,Consta de 3 habitaciones 2 baños sala comedor cocina integral patio de ropas servicios independientes y puerta de seguridad Area 90 m Queda ubicado diagonal al almacén Exito ,https://sogamoso.olx.com.co/se-arrienda-apartamento-centro-de-sogamoso-iid-1059621050,NO,"https://www.google.com/maps/place/5.7170000076293945,-72.93000030517578"
27 Sep,4 Ago,buenave2014217,3112255931,None,Apartamento,NO,Dueño Directo,,Sogamoso Boyacá,450000,2,60,3,2,No,Hasta 5 años,SE ARRIENDA APARTAMENTO ALTOS DE CHAPINERO SOGAMOSO,Apartamento con tres habitaciones con sus respectivos clopser con 2 baños sala comedor Cocina integral Atillo Servicio de agua luz gas domiciliario Instalación tv cable Citofono Circuito cerrado de cámaras de seguridad portería Salón comunal Excelentes vías de acceso Inf 3112255931 ,https://sogamoso.olx.com.co/se-arrienda-apartamento-altos-de-chapinero-sogamoso-iid-1048844386,NO,"https://www.google.com/maps/place/5.718999862670898,-72.93000030517578"
27 Sep,2 Ago,oscar m,3124670513,None,Habitación,NO,Dueño Directo,,Sogamoso Boyacá,300000,3,30,1,3,None,Hasta 5 años,Habitación para Estudiando,se arrienda habitación con y sin amueblar para estudiantes uniboyaca y otras universidades últimas habitaciones ,https://sogamoso.olx.com.co/habitacion-para-estudiando-iid-1059092083,NO,"https://www.google.com/maps/place/5.716,-72.931"
27 Sep,1 Ago,harveymontanatyvs942,3165470115,None,Apartaestudio,NO,Dueño Directo,,Sogamoso Boyacá,130000000,3,46,1,1,Si,A estrenar,Apartaestudio San Felipe Tunja Piso 9,una habitación un baño sala comedor con parqueadero y depositó edificio con muy buena zona social piscina parque para niños ,https://sogamoso.olx.com.co/apartaestudio-san-felipe-tunja-piso-9-iid-1025555874,NO,
27 Sep,30 Jul,Rodrigo N,3103029112,None,Habitación,SI,Dueño Directo,,Sogamoso Boyacá,800000,5,20,10,2,No,Entre 10 y 20 años,Habitaciones con Alimentación  El Bosque,Habitaciones con todos los servicios frente a la U el bosque Bogotá Desde 800 con alimentacion   alimentación  amoblado  lavandería  Wifi  Aseo  Tv cable ,https://sogamoso.olx.com.co/habitaciones-con-alimentacion-el-bosque-iid-1013160242,NO,"https://www.google.com/maps/place/4.609866142272949,-74.08204650878906"
27 Sep,27 Jul,Román A,3142878588,None,Apartamento,NO,Dueño Directo,,Sogamoso Boyacá,108000000,2,60,2,2,No,Entre 5 y 10 años,Apartamento Primer Piso 2 Habitaciones,Vendo Apartamento en Conjunto Residencial La Candelaria cerca de la UPTC Sogamoso primer piso 2 habitaciones 2 baños cocina integral comedor sala patio amplio ventanas exteriores y patio enrejado zonas comunes áreas verdes juegos infantiles salones sociales vigilancia 247 administración y servicios económicos parqueadero comunal por sorteo  3142878588 ,https://sogamoso.olx.com.co/apartamento-primer-piso-2-habitaciones-iid-1058551628,NO,"https://www.google.com/maps/place/4.728256702423096,-74.05160522460938"
27 Sep,20 Jul,Blanca Stella C,3202824871,None,Apartamento,NO,Dueño Directo,,Sogamoso Boyacá,0,2,40,2,1,No,Entre 5 y 10 años,APARTAMENTO CON LOCAL EN EMPEÑO,El apartamento consta de salacomedor cocina baño 2 habitaciones y terraza con local funcionando ,https://sogamoso.olx.com.co/apartamento-con-local-en-empeno-iid-1057913531,NO,"https://www.google.com/maps/place/5.7210001945495605,-72.93199920654297"
27 Sep,7 Jul,Omar D,3204377994,3107851687,Habitación,NO,Dueño Directo,,Sogamoso Boyacá,200000,3,12,1,1,No,A estrenar,HABITACIONES CERCA A UPTC SOGAMOSO,Habitaciones con baño privado agua caliente Internet y servicios incluidos Acondicionadas especialmente para estudiantes el precio varia de acuerdo a las necesidades si es con baño privado o con baño compartido Teléfonos 3204377994 3107851687 ,https://sogamoso.olx.com.co/habitaciones-cerca-a-uptc-sogamoso-iid-1056684838,NO,"https://www.google.com/maps/place/5.703000068664551,-72.94000244140625"
27 Sep,5 Jul,William Ferney R,3107870066,3143376534,Habitación,NO,Dueño Directo,,Sogamoso Boyacá,170000,3,16,4,4,No,A estrenar,habitaciones sogamoso,celular 3143376534  3107870066  ubicadas en el sector frente al sena  dirección car 11 Nº 54 A 60 con todos los servicios  con baño privado agua caliente  internet derecho a cocina alquiler de cama ,https://sogamoso.olx.com.co/habitaciones-sogamoso-iid-1036214579,NO,"https://www.google.com/maps/place/5.716000080108643,-72.93099975585938"
